-- MySQL dump 10.13  Distrib 5.7.21, for Linux (x86_64)
--
-- Host: localhost    Database: instagram_bot
-- ------------------------------------------------------
-- Server version	5.7.21-0ubuntu0.16.04.1

/*!40101 SET @OLD_CHARACTER_SET_CLIENT=@@CHARACTER_SET_CLIENT */;
/*!40101 SET @OLD_CHARACTER_SET_RESULTS=@@CHARACTER_SET_RESULTS */;
/*!40101 SET @OLD_COLLATION_CONNECTION=@@COLLATION_CONNECTION */;
/*!40101 SET NAMES utf8 */;
/*!40103 SET @OLD_TIME_ZONE=@@TIME_ZONE */;
/*!40103 SET TIME_ZONE='+00:00' */;
/*!40014 SET @OLD_UNIQUE_CHECKS=@@UNIQUE_CHECKS, UNIQUE_CHECKS=0 */;
/*!40014 SET @OLD_FOREIGN_KEY_CHECKS=@@FOREIGN_KEY_CHECKS, FOREIGN_KEY_CHECKS=0 */;
/*!40101 SET @OLD_SQL_MODE=@@SQL_MODE, SQL_MODE='NO_AUTO_VALUE_ON_ZERO' */;
/*!40111 SET @OLD_SQL_NOTES=@@SQL_NOTES, SQL_NOTES=0 */;

--
-- Table structure for table `api_bot`
--

DROP TABLE IF EXISTS `api_bot`;
/*!40101 SET @saved_cs_client     = @@character_set_client */;
/*!40101 SET character_set_client = utf8 */;
CREATE TABLE `api_bot` (
  `id` int(11) NOT NULL AUTO_INCREMENT,
  `name` varchar(30) NOT NULL,
  `comment_per_day` int(11) NOT NULL,
  `comments` longtext NOT NULL,
  `follow_per_day` int(11) NOT NULL,
  `like_per_day` int(11) NOT NULL,
  `password` varchar(30) NOT NULL,
  `second_password` varchar(30) DEFAULT NULL,
  `second_username` varchar(30) DEFAULT NULL,
  `unfollow_per_day` int(11) NOT NULL,
  `username` varchar(30) NOT NULL,
  `state` int(11) NOT NULL,
  PRIMARY KEY (`id`)
) ENGINE=InnoDB AUTO_INCREMENT=4 DEFAULT CHARSET=utf8;
/*!40101 SET character_set_client = @saved_cs_client */;

--
-- Dumping data for table `api_bot`
--

LOCK TABLES `api_bot` WRITE;
/*!40000 ALTER TABLE `api_bot` DISABLE KEYS */;
INSERT INTO `api_bot` VALUES (1,'Alias Gallery',50,'خیلی خوب بود',400,500,'#575#830*220','110ha110','Ali_heidarian',400,'alias.gallery',1),(2,'Aliasring',50,'عالی *خیلی خوب بود',1200,500,'09125930298',NULL,NULL,1200,'_Gray__world_',1),(3,'Aliasring1',50,'بسیار زیبا',1200,500,'#520550@743','None','None',1200,'aliasring',2);
/*!40000 ALTER TABLE `api_bot` ENABLE KEYS */;
UNLOCK TABLES;

--
-- Table structure for table `api_reset`
--

DROP TABLE IF EXISTS `api_reset`;
/*!40101 SET @saved_cs_client     = @@character_set_client */;
/*!40101 SET character_set_client = utf8 */;
CREATE TABLE `api_reset` (
  `id` int(11) NOT NULL AUTO_INCREMENT,
  `created_at` datetime(6) NOT NULL,
  `bot_id` int(11) NOT NULL,
  PRIMARY KEY (`id`),
  KEY `api_reset_bot_id_e11044d0_fk_api_bot_id` (`bot_id`),
  CONSTRAINT `api_reset_bot_id_e11044d0_fk_api_bot_id` FOREIGN KEY (`bot_id`) REFERENCES `api_bot` (`id`)
) ENGINE=InnoDB AUTO_INCREMENT=21 DEFAULT CHARSET=utf8;
/*!40101 SET character_set_client = @saved_cs_client */;

--
-- Dumping data for table `api_reset`
--

LOCK TABLES `api_reset` WRITE;
/*!40000 ALTER TABLE `api_reset` DISABLE KEYS */;
INSERT INTO `api_reset` VALUES (1,'2018-03-12 13:03:11.458869',2),(2,'2018-03-12 13:10:04.872877',3),(3,'2018-03-12 13:10:08.483123',3),(4,'2018-03-12 13:10:12.606767',3),(5,'2018-03-12 13:11:14.689759',1),(6,'2018-03-12 13:36:02.777364',3),(7,'2018-03-12 13:37:12.776819',1),(8,'2018-03-12 19:15:09.587200',1),(9,'2018-03-12 19:15:32.193220',1),(10,'2018-03-12 19:15:50.412379',1),(11,'2018-03-12 19:16:00.598738',1),(12,'2018-03-12 19:16:11.395907',1),(13,'2018-03-13 11:36:02.897090',3),(14,'2018-03-13 11:36:21.364853',3),(15,'2018-03-13 11:36:45.581527',3),(16,'2018-03-13 11:36:51.584672',3),(17,'2018-03-13 11:36:51.781402',3),(18,'2018-03-13 11:37:05.067307',3),(19,'2018-03-13 11:37:11.656666',3),(20,'2018-03-13 12:09:08.377356',1);
/*!40000 ALTER TABLE `api_reset` ENABLE KEYS */;
UNLOCK TABLES;

--
-- Table structure for table `api_target`
--

DROP TABLE IF EXISTS `api_target`;
/*!40101 SET @saved_cs_client     = @@character_set_client */;
/*!40101 SET character_set_client = utf8 */;
CREATE TABLE `api_target` (
  `id` int(11) NOT NULL AUTO_INCREMENT,
  `target` varchar(30) NOT NULL,
  `target_type` varchar(1) NOT NULL,
  `target_action` varchar(3) NOT NULL,
  `target_follows` varchar(1) NOT NULL,
  `bot_id` int(11) NOT NULL,
  PRIMARY KEY (`id`),
  KEY `api_target_bot_id_e23d6947_fk_api_bot_id` (`bot_id`),
  CONSTRAINT `api_target_bot_id_e23d6947_fk_api_bot_id` FOREIGN KEY (`bot_id`) REFERENCES `api_bot` (`id`)
) ENGINE=InnoDB AUTO_INCREMENT=1263 DEFAULT CHARSET=utf8;
/*!40101 SET character_set_client = @saved_cs_client */;

--
-- Dumping data for table `api_target`
--

LOCK TABLES `api_target` WRITE;
/*!40000 ALTER TABLE `api_target` DISABLE KEYS */;
INSERT INTO `api_target` VALUES (1,'aliakbar.yaghitabar','P','f','L',2),(2,'حلقه','T','f','L',3),(4,'aroosi.ring','P','f','L',3),(6,'angoshtari_erfan','P','f','L',3),(7,'angoshtarshams','P','f','L',3),(8,'janan_gohar','P','f','L',3),(9,'angoshtar_com','P','f','L',3),(10,'angoshtarkosar','P','f','L',3),(11,'soheil.gallery','P','f','L',3),(12,'angoshtar__tak','P','f','L',3),(13,'angoshtar_tak','P','f','L',3),(14,'angoshtar_khas','P','f','L',3),(15,'yazd_javaher','P','f','L',3),(16,'forooshgahenoghre','P','f','L',3),(17,'angoshtar8047','P','f','L',3),(18,'angoshtaretak021','P','f','L',3),(19,'givi_jewellery','P','f','L',3),(20,'angoshtar_12','P','f','L',3),(21,'angoshtar.gheymati','P','f','L',3),(22,'angoshtar_akhtarniya','P','f','L',3),(23,'digiangoshtar.ir','P','f','L',3),(24,'pandora_ir','P','f','L',3),(25,'abrar_gallery','P','f','L',3),(26,'abc673150','P','f','L',3),(27,'mayagallery95','P','f','L',3),(28,'hoseyni_jwl','P','f','L',3),(29,'m_mmd.1412','P','f','L',3),(30,'angoshtar_aineyi2_mojtaba','P','f','L',3),(31,'angoshtar.tak','P','f','L',3),(32,'violet_roze_shop','P','f','L',3),(33,'angoshtar_sazi_hashemii','P','f','L',3),(34,'fashionstar1ir','P','f','L',3),(35,'aghighe_yaman','P','f','L',3),(36,'angoshtar_sajadi','P','f','L',3),(37,'angoshtar_najafii','P','f','L',3),(38,'imperial_stone110','P','f','L',3),(39,'mohammadalialmasi','P','f','L',3),(40,'omid.mashalchi','P','f','L',3),(41,'angoshtar.68','P','f','L',3),(42,'angoshtaremehr','P','f','L',3),(43,'saeidamirmohamadi088','P','f','L',3),(44,'diamond_gallery1989','P','f','L',3),(45,'angoshtarjale','P','f','L',3),(46,'angoshtar69.4k','P','f','L',3),(47,'aghigh_yemen313','P','f','L',3),(48,'women_aghigh','P','f','L',3),(49,'myn1748','P','f','L',3),(50,'angoshtare_firoze','P','f','L',3),(51,'angoshtar.almasabi','P','f','L',3),(52,'angoshtar_abedi','P','f','L',3),(53,'milad_gallery_shiraz','P','f','L',3),(54,'iran_zarrin','P','f','L',3),(55,'alirezaghandi110','P','f','L',3),(56,'angoshtar_sazi_hosseini','P','f','L',3),(57,'aqeeq_yemen','P','f','L',3),(58,'angoshtarhadid','P','f','L',3),(59,'modern_galery','P','f','L',3),(60,'angoshtar135','P','f','L',3),(61,'royal_iranian','P','f','L',3),(62,'angshtar.abi44','P','f','L',3),(63,'angoshtare_sh','P','f','L',3),(64,'ali_hr_20','P','f','L',3),(65,'mehdi.karimi5128','P','f','L',3),(66,'arash.farzaneh69','P','f','L',3),(67,'irajvahidi4640','P','f','L',3),(68,'golden_lady_shop','P','f','L',3),(69,'angoshtar_sazi_hashemi','P','f','L',3),(70,'rekab__mehrdad_tehran','P','f','L',3),(71,'termehring','P','f','L',3),(72,'aliasring','P','f','L',3),(73,'angoshtar_atighe','P','f','L',3),(74,'angoshtarmaher','P','f','L',3),(75,'negine.angoshtar','P','f','L',3),(76,'the_best_ring','P','f','L',3),(77,'angoshtar_kohne','P','f','L',3),(78,'ngshtr9264','P','f','L',3),(79,'mohammad_sanandaj_69','P','f','L',3),(80,'fakher118','P','f','L',3),(81,'atighejaat','P','f','L',3),(82,'aghighkadeyamanii','P','f','L',3),(83,'photo_ali_6','P','f','L',3),(84,'noghresarayehazrat','P','f','L',3),(85,'angoshtar_anteik','P','f','L',3),(86,'tehran.alabd','P','f','L',3),(87,'angoshtar.online','P','f','L',3),(88,'angoshtarsara025','P','f','L',3),(89,'angoshtar.amir','P','f','L',3),(90,'angoshtar.rezaee','P','f','L',3),(91,'angoshtar_kerman','P','f','L',3),(92,'azizi2020p2','P','f','L',3),(93,'angoshtarkadeyaman','P','f','L',3),(94,'angoshtarsara','P','f','L',3),(95,'angoshtar_mohsen_hamedan','P','f','L',3),(96,'panter.saeeid9557','P','f','L',3),(97,'mahan_ring','P','f','L',3),(98,'angoshtar_gh','P','f','L',3),(99,'amgh.star','P','f','L',3),(100,'tehranjavaher','P','f','L',3),(101,'badalijat.1368','P','f','L',3),(102,'qomipur','P','f','L',3),(103,'mrny6203','P','f','L',3),(112,'h.r_kazemi','P','f','L',1),(113,'shana_gallery_silver','P','f','L',1),(114,'nokla_akola','P','f','L',1),(115,'taksar.jewelry','P','f','L',1),(116,'masoumigallery','P','f','L',1),(117,'zaryn_silver','P','f','L',1),(118,'saamengallery1001','P','f','L',1),(119,'zaahra_stories','P','f','L',1),(120,'noghre.jat.khalil','P','f','L',1),(121,'noghrejat_khas','P','f','L',1),(122,'gallery_315','P','f','L',1),(123,'noghrehjatemojtaba','P','f','L',1),(124,'gallery_nogre_rose','P','f','L',1),(125,'qmmpnj1366','P','f','L',1),(126,'silverr925.925','P','f','L',1),(127,'silver.haft.mashhad','P','f','L',1),(128,'mohamjmads___eftekhari','P','f','L',1),(129,'30lver_boys','P','f','L',1),(130,'mvwakhid6nba','P','f','L',1),(131,'jamali_gold','P','f','L',1),(132,'milad_h1ted','P','f','L',1),(133,'miladpesmpaili8b19','P','f','L',1),(134,'rose_noghreh','P','f','L',1),(135,'hamidmoeeni1','P','f','L',1),(136,'samisolemani4830','P','f','L',1),(137,'madanfiroze','P','f','L',1),(138,'angoshtar121','P','f','L',1),(139,'badalijat_vitrin','P','f','L',1),(140,'silver_09381106863','P','f','L',1),(141,'silver_mosavi','P','f','L',1),(142,'bhoseihnpajizad','P','f','L',1),(143,'nooralreza_silver','P','f','L',1),(144,'yasimn85se85','P','f','L',1),(145,'novintime5','P','f','L',1),(146,'novintime10','P','f','L',1),(147,'noghreemashhad','P','f','L',1),(148,'merajsilver','P','f','L',1),(149,'jewels_fatimasilver','P','f','L',1),(150,'noghre_gallery_silver','P','f','L',1),(151,'saamen_gallery201','P','f','L',1),(152,'monika_silver_gallery','P','f','L',1),(153,'lotfi_silver','P','f','L',1),(154,'madan_firoze','P','f','L',1),(155,'gorji_1354','P','f','L',1),(156,'royale_silver','P','f','L',1),(157,'shops_pariya','P','f','L',1),(158,'bgia_bekhajnd00u7','P','f','L',1),(159,'saeed.hasanimanesh','P','f','L',1),(160,'javaheratparchami','P','f','L',1),(161,'mahmoud.lokhi','P','f','L',1),(162,'toos_silver','P','f','L',1),(163,'silver_mahdi','P','f','L',1),(164,'silver.robina','P','f','L',1),(165,'ghoghnoos_silver_0083','P','f','L',1),(166,'k.gholamahmaddi','P','f','L',1),(167,'hoseeyn.alizadeh','P','f','L',1),(168,'alireza_fallah.mykaeill','P','f','L',1),(169,'javaherii2016','P','f','L',1),(170,'nqrhjtmrtdy','P','f','L',1),(171,'moein_silver.gallery','P','f','L',1),(172,'tadbgirirabnian','P','f','L',1),(173,'silver_noor_alreza','P','f','L',1),(174,'honarkade_reyton','P','f','L',1),(175,'silver___hasani','P','f','L',1),(176,'gallerye.sibenoghrei','P','f','L',1),(177,'reza_simaei','P','f','L',1),(178,'silvers_amani','P','f','L',1),(179,'novintime2','P','f','L',1),(180,'noghrehjaat','P','f','L',1),(181,'ashrayf.phallaji','P','f','L',1),(182,'angoshttar','P','f','L',1),(183,'almas_shahr_ck','P','f','L',1),(184,'mohsenmehri60','P','f','L',1),(185,'javaherikarbala','P','f','L',1),(186,'me_12theree','P','f','L',1),(187,'mrojtaba_1371','P','f','L',1),(188,'stwftj._artwork','P','f','L',1),(189,'gasre_firozeh','P','f','L',1),(190,'bi_esm_gallery','P','f','L',1),(191,'silvers_naji','P','f','L',1),(192,'antique_silver_gallery','P','f','L',1),(193,'silverland_fazaeli','P','f','L',1),(194,'rezasarvi.a1','P','f','L',1),(195,'karihemi.aamd','P','f','L',1),(196,'yephwxoto.ir','P','f','L',1),(197,'amlehkrdad_amiri7','P','f','L',1),(198,'jqfatempehyavari_','P','f','L',1),(199,'aalirezahoataminejkad0','P','f','L',1),(200,'mortezatolooe','P','f','L',1),(201,'ferozenesh','P','f','L',1),(202,'ahmad.1443am','P','f','L',1),(203,'manto_roozz','P','f','L',1),(204,'manto_zusha','P','f','L',1),(205,'manto.shik','P','f','L',1),(206,'rabo_clothing','P','f','L',1),(207,'manto_hila','P','f','L',1),(208,'maroon.collection','P','f','L',1),(209,'mantobershka_mantooo','P','f','L',1),(210,'dookstore','P','f','L',1),(211,'manto.light','P','f','L',1),(212,'manto_poromod','P','f','L',1),(213,'rubanshow','P','f','L',1),(214,'model.manto2','P','f','L',1),(215,'manto__shanisa','P','f','L',1),(216,'manto_kook','P','f','L',1),(217,'mantolady','P','f','L',1),(218,'manto_majlesi','P','f','L',1),(219,'mantraa_love','P','f','L',1),(220,'lebas.shikado','P','f','L',1),(221,'manto_pegah','P','f','L',1),(222,'manto.model','P','f','L',1),(223,'manto_lalond_co','P','f','L',1),(224,'model_mantoo','P','f','L',1),(225,'manto_sonati_tanposh_ariyaee','P','f','L',1),(226,'manto_venisa','P','f','L',1),(227,'manto_pooshan','P','f','L',1),(228,'manto_irooni','P','f','L',1),(229,'manto_merinus12','P','f','L',1),(230,'manto_dorita','P','f','L',1),(231,'melon.7','P','f','L',1),(232,'manto_pargol','P','f','L',1),(233,'calinstore.ir','P','f','L',1),(234,'model_mantoo2','P','f','L',1),(235,'modele_lebase_shab_','P','f','L',1),(236,'modele_manto','P','f','L',1),(237,'londwiel','P','f','L',1),(238,'mantopapa2','P','f','L',1),(239,'model_manto_pixel','P','f','L',1),(240,'mezon_chomas','P','f','L',1),(241,'model.manto.celebrity.modeling','P','f','L',1),(242,'zangi_mohammad','P','f','L',1),(243,'sepid.shop','P','f','L',1),(244,'manto_irani','P','f','L',1),(245,'manto_model_irani','P','f','L',1),(246,'mantoelahieh_mezon','P','f','L',1),(247,'manto.m_a','P','f','L',1),(248,'mhzyr4320','P','f','L',1),(249,'manto_online','P','f','L',1),(250,'erika_kerman','P','f','L',1),(251,'model_manto2016','P','f','L',1),(252,'lebase_shikopik','P','f','L',1),(253,'mezon_manto_bahar','P','f','L',1),(254,'lielashiekhazadeh','P','f','L',1),(255,'mezon_chomas_lux','P','f','L',1),(256,'topolshopcom','P','f','L',1),(257,'gallery_diana70','P','f','L',1),(258,'modaset_mezon','P','f','L',1),(259,'umaneli_underwear','P','f','L',1),(260,'mezonshikopik66','P','f','L',1),(261,'mahak3576.ir','P','f','L',1),(262,'lebasezir.nbb','P','f','L',1),(263,'lebas_majlesi_ne','P','f','L',1),(264,'lebas_zanane_hojjat','P','f','L',1),(265,'lingeriecustome','P','f','L',1),(266,'lebas.madar.koodak','P','f','L',1),(267,'ap.underwear','P','f','L',1),(268,'shaylin_shop','P','f','L',1),(269,'lebas_shikpoosh_95','P','f','L',1),(270,'turkish._.mark','P','f','L',1),(271,'takhte_tawoos','P','f','L',1),(272,'shahhbanooo','P','f','L',1),(273,'termeh149810','P','f','L',1),(274,'shinyshowno1','P','f','L',1),(275,'lebas.gheshm','P','f','L',1),(276,'lebaas_omdee_shiik','P','f','L',1),(277,'banoye_gharbi2017','P','f','L',1),(278,'model_zanane','P','f','L',1),(279,'lebas.zanane.mysa','P','f','L',1),(280,'prestige1090','P','f','L',1),(281,'fashion_va_shik','P','f','L',1),(282,'lovetoday66','P','f','L',1),(283,'shab.gallery','P','f','L',1),(284,'shidrokh_gallery','P','f','L',1),(285,'lebas_tik1','P','f','L',1),(286,'mania.dress','P','f','L',1),(287,'mahsam_shop','P','f','L',1),(288,'lotiica','P','f','L',1),(289,'honar_khayyati_z','P','f','L',1),(290,'mojtaba__soleymani','P','f','L',1),(291,'paaransa_mezon','P','f','L',1),(292,'public_shope','P','f','L',1),(293,'shik_o_pik_underwear','P','f','L',1),(294,'topland.online.shopping','P','f','L',1),(295,'lbsmrsmy','P','f','L',1),(296,'keymodeee','P','f','L',1),(297,'shikmezon777','P','f','L',1),(298,'ayla_hermes_behnamroshani','P','f','L',1),(299,'iran__fashions','P','f','L',1),(300,'mezonalef','P','f','L',1),(301,'banoo.gallery','P','f','L',1),(302,'mahsa.dib75','P','f','L',1),(303,'pa.k.h.s.h.m.elody','P','f','L',1),(304,'shikchi','P','f','L',1),(305,'lebas_zanane_t','P','f','L',1),(306,'sports.woman22','P','f','L',1),(307,'lebas_majlesi_fakhte_','P','f','L',1),(308,'chi_chi_niii','P','f','L',1),(309,'verda.store','P','f','L',1),(310,'qmode.ir_','P','f','L',1),(311,'persian_rozbox','P','f','L',1),(312,'ehsase_asheghi','P','f','L',1),(313,'kado_valentine','P','f','L',1),(314,'gift.valentine95','P','f','L',1),(315,'valentine_package','P','f','L',1),(316,'ka2mado','P','f','L',1),(317,'gifting.ir','P','f','L',1),(318,'gift_valentines_day','P','f','L',1),(319,'hedie.co','P','f','L',1),(320,'zivaralate.shik','P','f','L',1),(321,'valentine_.kado','P','f','L',1),(322,'cutesygift','P','f','L',1),(323,'paper.star','P','f','L',1),(324,'valentine_eshgh1','P','f','L',1),(325,'kadooyab','P','f','L',1),(326,'dimario_gallery','P','f','L',1),(327,'tehran_gifts','P','f','L',1),(328,'rezvan.n59','P','f','L',1),(329,'zarnegar_antik','P','f','L',1),(330,'pishkeshsara','P','f','L',1),(331,'zarazin2','P','f','L',1),(332,'emrooziha','P','f','L',1),(333,'afraaagallery','P','f','L',1),(334,'valentine_eshgh','P','f','L',1),(335,'elinorgift','P','f','L',1),(336,'naghshkade','P','f','L',1),(337,'surprise_jabe','P','f','L',1),(338,'kadopich.bu','P','f','L',1),(339,'painting_amirr','P','f','L',1),(340,'foloke.box','P','f','L',1),(341,'yourprint','P','f','L',1),(342,'anika_4446','P','f','L',1),(343,'m.dehghanizade','P','f','L',1),(344,'luxurykado','P','f','L',1),(345,'n.kardasti','P','f','L',1),(346,'nazfar_galleri','P','f','L',1),(347,'badalijat_shik_ziba','P','f','L',1),(348,'parsgift','P','f','L',1),(349,'royagiftbox','P','f','L',1),(350,'kado_shik','P','f','L',1),(351,'sevda8019','P','f','L',1),(352,'aroosak_khers_kado_valentine','P','f','L',1),(353,'arousake_shans','P','f','L',1),(354,'surp.giftbox','P','f','L',1),(355,'jabe.kado.fakhte','P','f','L',1),(356,'star.puzzle','P','f','L',1),(357,'honarioon','P','f','L',1),(358,'luxury_gift96','P','f','L',1),(359,'shaden_13888','P','f','L',1),(360,'kamranhoseynii2','P','f','L',1),(361,'kado_lovely_manjil','P','f','L',1),(362,'zivaralat__tak2','P','f','L',1),(363,'parto.art','P','f','L',1),(364,'toysbazar_asbabbazi','P','f','L',1),(365,'persian_rozbox','P','f','L',1),(366,'ehsase_asheghi','P','f','L',1),(367,'kado_valentine','P','f','L',1),(368,'gift.valentine95','P','f','L',1),(369,'valentine_package','P','f','L',1),(370,'ka2mado','P','f','L',1),(371,'gifting.ir','P','f','L',1),(372,'gift_valentines_day','P','f','L',1),(373,'hedie.co','P','f','L',1),(374,'zivaralate.shik','P','f','L',1),(375,'valentine_.kado','P','f','L',1),(376,'cutesygift','P','f','L',1),(377,'paper.star','P','f','L',1),(378,'valentine_eshgh1','P','f','L',1),(379,'kadooyab','P','f','L',1),(380,'dimario_gallery','P','f','L',1),(381,'tehran_gifts','P','f','L',1),(382,'rezvan.n59','P','f','L',1),(383,'zarnegar_antik','P','f','L',1),(384,'pishkeshsara','P','f','L',1),(385,'zarazin2','P','f','L',1),(386,'emrooziha','P','f','L',1),(387,'afraaagallery','P','f','L',1),(388,'valentine_eshgh','P','f','L',1),(389,'elinorgift','P','f','L',1),(390,'naghshkade','P','f','L',1),(391,'surprise_jabe','P','f','L',1),(392,'kadopich.bu','P','f','L',1),(393,'painting_amirr','P','f','L',1),(394,'foloke.box','P','f','L',1),(395,'yourprint','P','f','L',1),(396,'anika_4446','P','f','L',1),(397,'m.dehghanizade','P','f','L',1),(398,'luxurykado','P','f','L',1),(399,'n.kardasti','P','f','L',1),(400,'nazfar_galleri','P','f','L',1),(401,'badalijat_shik_ziba','P','f','L',1),(402,'parsgift','P','f','L',1),(403,'royagiftbox','P','f','L',1),(404,'kado_shik','P','f','L',1),(405,'sevda8019','P','f','L',1),(406,'aroosak_khers_kado_valentine','P','f','L',1),(407,'arousake_shans','P','f','L',1),(408,'surp.giftbox','P','f','L',1),(409,'jabe.kado.fakhte','P','f','L',1),(410,'star.puzzle','P','f','L',1),(411,'honarioon','P','f','L',1),(412,'luxury_gift96','P','f','L',1),(413,'shaden_13888','P','f','L',1),(414,'kamranhoseynii2','P','f','L',1),(415,'kado_lovely_manjil','P','f','L',1),(416,'zivaralat__tak2','P','f','L',1),(417,'parto.art','P','f','L',1),(418,'toysbazar_asbabbazi','P','f','L',1),(419,'hedyehtehraniii','P','f','L',1),(420,'suprise_gift','P','f','L',1),(421,'hedie.tehrani.cloob','P','f','L',1),(422,'afraaagallery','P','f','L',1),(423,'kajineh_','P','f','L',1),(424,'hedyeh.1374','P','f','L',1),(425,'karhaye_dasti_hedieh','P','f','L',1),(426,'parsgift','P','f','L',1),(427,'hedyeh_tavalod','P','f','L',1),(428,'hedie.co','P','f','L',1),(429,'zivaralate.shik','P','f','L',1),(430,'valentine_package','P','f','L',1),(431,'chap_gostar','P','f','L',1),(432,'valentine_eshgh','P','f','L',1),(433,'hdy.3336','P','f','L',1),(434,'ka2mado','P','f','L',1),(435,'hediyehjadd','P','f','L',1),(436,'ghasre_hadieh','P','f','L',1),(437,'hedieh.tehrani_fan','P','f','L',1),(438,'fafa.usf','P','f','L',1),(439,'asadshop.ir7','P','f','L',1),(440,'naghshkade','P','f','L',1),(441,'hedie_rezazade','P','f','L',1),(442,'parto.art','P','f','L',1),(443,'gift.for.her','P','f','L',1),(444,'hadeh1359','P','f','L',1),(445,'dook_gift','P','f','L',1),(446,'pico.decorative','P','f','L',1),(447,'gift_unique_surprise','P','f','L',1),(448,'javaher_neshan','P','f','L',1),(449,'elinorgift','P','f','L',1),(450,'rozhin._.art','P','f','L',1),(451,'__hadia131','P','f','L',1),(452,'jingilchnl','P','f','L',1),(453,'hedieh_do','P','f','L',1),(454,'hedie_azadeh','P','f','L',1),(455,'zarnegar_antik','P','f','L',1),(456,'mahsa_floral_design','P','f','L',1),(457,'valentinn.shop','P','f','L',1),(458,'hediyesafaiyan','P','f','L',1),(459,'hediehcollection','P','f','L',1),(460,'hediieh.tehrani','P','f','L',1),(461,'hediyebohostyle','P','f','L',1),(462,'hadeya_kindergarden','P','f','L',1),(463,'seven__gifts','P','f','L',1),(464,'kado_tavalod','P','f','L',1),(465,'hdyh6664','P','f','L',1),(466,'hdyh7214','P','f','L',1),(467,'persian.gift','P','f','L',1),(468,'_mrflower_mashhad','P','f','L',1),(469,'24harajj','P','f','L',1),(470,'hdyh6330','P','f','L',1),(471,'hedieh__tehraniii','P','f','L',1),(472,'hdyh8063','P','f','L',1),(473,'ezdevaj.salem','P','f','L',3),(474,'hamsaryabi12','P','f','L',3),(475,'pari_kh0sravi45','P','f','L',3),(476,'ezdevaj_mazhabi','P','f','L',3),(477,'mahtab_kh0sravi','P','f','L',3),(478,'eshgh_online5','P','f','L',3),(479,'book9877','P','f','L',3),(480,'30ghe96','P','f','L',3),(481,'zojyab','P','f','L',3),(482,'ezdevaje_mojadad_persian','P','f','L',3),(483,'siqe_esf','P','f','L',3),(484,'sighe_tak','P','f','L',3),(485,'zdwjm','P','f','L',3),(486,'ezdevajedaem_w','P','f','L',3),(487,'sighetehran','P','f','L',3),(488,'tayeboon_net','P','f','L',3),(489,'eshgh_online2','P','f','L',3),(490,'ezdevajedaem94','P','f','L',3),(491,'halghe_ezdevaj.wedding_ring','P','f','L',3),(492,'daftar_ezdevaj_337','P','f','L',3),(493,'ezdevaj__talagh','P','f','L',3),(494,'yash_arti','P','f','L',3),(495,'miss_salemi','P','f','L',3),(496,'halgheye_ezdevaj','P','f','L',3),(497,'halal_wedding','P','f','L',3),(498,'iran.ezdevaj','P','f','L',3),(499,'ezdevaj.asan2','P','f','L',3),(500,'eshgh_online7','P','f','L',3),(501,'markaz.ezdevaj.movaghat','P','f','L',3),(502,'mohsen.khoshkel','P','f','L',3),(503,'ezdevage.daem','P','f','L',3),(504,'site_ezdevaje_movagat','P','f','L',3),(505,'baner_mir_emad','P','f','L',3),(506,'ezdevaje_ziba','P','f','L',3),(507,'ezdevaj_ak','P','f','L',3),(508,'tavalood_luxury_banner','P','f','L',3),(509,'sighe_yab4','P','f','L',3),(510,'sige.tabriz','P','f','L',3),(511,'hamsaryabi_modern','P','f','L',3),(512,'ezdevaj_daem.esfahan','P','f','L',3),(513,'sighemovaghati','P','f','L',3),(514,'dingbingding1','P','f','L',3),(515,'sighe.irano','P','f','L',3),(516,'movaghat__ezdevaj.36','P','f','L',3),(517,'aeen_mehrovafa','P','f','L',3),(518,'asemani_sighe','P','f','L',3),(519,'mehr_afarin','P','f','L',3),(520,'jan_arezoo','P','f','L',3),(521,'rsln002','P','f','L',3),(522,'azdvaj_hamsareabi','P','f','L',3),(523,'sahar_2797','P','f','L',3),(524,'id_ezdevaje_daem','P','f','L',3),(525,'its_saye','P','f','L',3),(526,'ezdevaj180','P','f','L',3),(527,'ezdevaje_asan_','P','f','L',3),(528,'daftarezdevajzarrin','P','f','L',3),(529,'aroos_khanoom_shik','P','f','L',3),(530,'daftarezdevajtehran','P','f','L',3),(531,'ezdevajmovaghatpj','P','f','L',3),(532,'daftarezdevaj153','P','f','L',3),(533,'aghd_arghavan','P','f','L',3),(534,'ezdevaj_daem_','P','f','L',3),(535,'ravanshenasi.rabeteh','P','f','L',3),(536,'aghde_movaghat','P','f','L',3),(537,'eshgh_online12','P','f','L',3),(538,'ezdevaj_org','P','f','L',3),(539,'sige.halal','P','f','L',3),(540,'ezdevaj.movafagh','P','f','L',3),(541,'zalghaiil1125','P','f','L',3),(542,'sigheiran','P','f','L',3),(543,'ezdevaj_daem1','P','f','L',3),(544,'omid_1370_71','P','f','L',3),(545,'mohamadi96wt','P','f','L',3),(546,'sayehayemandegar','P','f','L',3),(547,'islamic_marriages','P','f','L',3),(548,'moeinsmaeili1367','P','f','L',3),(549,'__rozhin__mhd','P','f','L',3),(550,'hamsar.yabi.iranian','P','f','L',3),(551,'eshgh_online6','P','f','L',3),(552,'ezdevaj372','P','f','L',3),(553,'sighe_qomi','P','f','L',3),(554,'ezdevajman7','P','f','L',3),(555,'mhsn37402','P','f','L',3),(556,'love.psychology','P','f','L',3),(557,'homan010','P','f','L',3),(558,'raha698','P','f','L',3),(559,'ezdevaj.talagh.ir','P','f','L',3),(560,'eighe_misham','P','f','L',3),(561,'sighe_dar_qom','P','f','L',3),(562,'ezdevaj____mohsenin','P','f','L',3),(563,'ezdevaj_ahvaz','P','f','L',3),(564,'sighe_yab5','P','f','L',3),(565,'ezdevaj_movaghat_mashhad','P','f','L',3),(566,'ezdevajlove','P','f','L',3),(567,'sighe1396s','P','f','L',3),(569,'hamsar.yabi20','P','f','L',3),(570,'shirazezdevaj','P','f','L',3),(571,'ezdvajmovaghatehran','P','f','L',3),(572,'danceirani','P','f','L',3),(573,'clip_arusiii','P','f','L',3),(574,'lebas_shik07','P','f','L',3),(575,'luxcake','P','f','L',3),(576,'aroosi.ring','P','f','L',3),(577,'negin_card','P','f','L',3),(578,'arus_modern','P','f','L',3),(579,'pershian.dance','P','f','L',3),(580,'hasticake','P','f','L',3),(581,'happi_cakes','P','f','L',3),(582,'arosiclip','P','f','L',3),(583,'aroos__magazine','P','f','L',3),(584,'aroose.farda','P','f','L',3),(585,'sahra_gift_centre','P','f','L',3),(586,'karte_aroosi_bianco','P','f','L',3),(587,'rosily_gifts','P','f','L',3),(588,'aroosi_clip','P','f','L',3),(589,'matn_o_sher','P','f','L',3),(590,'jingilchnl','P','f','L',3),(591,'aroose.zibaa','P','f','L',3),(592,'danceiran','P','f','L',3),(593,'sirafwedding','P','f','L',3),(594,'raghs__aroosi','P','f','L',3),(595,'ghanadi_saghdush','P','f','L',3),(596,'luxury_gift_wedding','P','f','L',3),(597,'model.video28','P','f','L',3),(598,'aroose_nemoneh','P','f','L',3),(599,'wedding_documentry_movie','P','f','L',3),(600,'aroosi__clip','P','f','L',3),(601,'yasrebijewelry2','P','f','L',3),(602,'gift_bita','P','f','L',3),(603,'kharid_aroosi','P','f','L',3),(604,'clip_arooosi','P','f','L',3),(605,'aroos_tala','P','f','L',3),(606,'gift_kolbeheshgh','P','f','L',3),(607,'elarashine','P','f','L',3),(608,'armani.card','P','f','L',3),(609,'kharide__aroosi','P','f','L',3),(610,'music_aroosi','P','f','L',3),(611,'kartearoosi','P','f','L',3),(612,'missgift.ir','P','f','L',3),(613,'mimosa_gift','P','f','L',3),(614,'twentycake','P','f','L',3),(615,'mezon.turkiye','P','f','L',3),(616,'iroonidance','P','f','L',3),(617,'tabriz_card1','P','f','L',3),(618,'film__arosi','P','f','L',3),(619,'dordoneh.gift','P','f','L',3),(620,'liliyom_studio','P','f','L',3),(621,'papiyon_art','P','f','L',3),(622,'sajjadmosavi223','P','f','L',3),(623,'confectionery.karen','P','f','L',3),(624,'tashrifatmajeh','P','f','L',3),(625,'dance_group_2018','P','f','L',3),(626,'saghduosh_card','P','f','L',3),(627,'goldencards.ir','P','f','L',3),(628,'kharide.aroosi','P','f','L',3),(629,'noazin','P','f','L',3),(630,'wedding_islamic','P','f','L',3),(631,'p.a.k.h.s.h.m.e.lod.y','P','f','L',3),(632,'artistoncart2','P','f','L',3),(633,'noqrehfam','P','f','L',3),(634,'kart.ir','P','f','L',3),(635,'card.aroosi.ariya','P','f','L',3),(636,'nice_gift_gallery','P','f','L',3),(637,'royalweddding','P','f','L',3),(638,'naghme_gift','P','f','L',3),(639,'weddingidea2000','P','f','L',3),(640,'persian.gift','P','f','L',3),(641,'artmis.gift','P','f','L',3),(642,'eli.artpage','P','f','L',3),(643,'saba.kart','P','f','L',3),(644,'peyvand5199','P','f','L',3),(645,'afghan.saaz','P','f','L',3),(646,'aroose_aksofilm','P','f','L',3),(647,'ghasedak_handcraft','P','f','L',3),(648,'weddingcard.omid','P','f','L',3),(649,'saadattalar','P','f','L',3),(650,'dj_hossein','P','f','L',3),(651,'melika.shalchian.gallery','P','f','L',3),(652,'gift_aroos_irani','P','f','L',3),(653,'gift_fatima','P','f','L',3),(654,'dj_phoenix_','P','f','L',3),(655,'arooscard','P','f','L',3),(656,'taziinat_aroos','P','f','L',3),(657,'liana_weddinggift','P','f','L',3),(658,'wedding_night_mag','P','f','L',3),(659,'paras2.sweets','P','f','L',3),(660,'dj_dany_official','P','f','L',3),(661,'gift.card.wedding','P','f','L',3),(662,'just.wedding.in.turkishfilm','P','f','L',3),(663,'karaj_gift','P','f','L',3),(664,'aysagift','P','f','L',3),(665,'ranginakg','P','f','L',3),(666,'royal.design.group','P','f','L',3),(667,'sepidsa_bridal_collection','P','f','L',3),(668,'tashrifat_rojano','P','f','L',3),(669,'arousi_ramchah','P','f','L',3),(670,'kafsh_aroosi_shoe_house','P','f','L',3),(671,'weddingdress2005','P','f','L',3),(672,'lebas_aros','P','f','L',3),(673,'lebas_arosshik','P','f','L',3),(674,'aroose_khoshbakht','P','f','L',3),(675,'wedding_dress_clara','P','f','L',3),(676,'ehsasshop','P','f','L',3),(677,'lebas_.aroos','P','f','L',3),(678,'mahya_model','P','f','L',3),(679,'lebas_aroos_melika','P','f','L',3),(680,'lebas.shik.khas','P','f','L',3),(681,'maria_bride_urmia','P','f','L',3),(682,'aroseliza','P','f','L',3),(683,'aroosjoona','P','f','L',3),(684,'aroostajmahal','P','f','L',3),(685,'aros__damad','P','f','L',3),(686,'azar1376','P','f','L',3),(687,'whitehouse_saadatabad','P','f','L',3),(688,'lebas_aros_rozita','P','f','L',3),(689,'model__manto','P','f','L',3),(690,'zhinogallery','P','f','L',3),(691,'lebas_aroosii','P','f','L',3),(692,'mezon_aroos_ghazal2','P','f','L',3),(693,'mezon_shahrzad_abadan','P','f','L',3),(694,'mezon_zhanse_ghazvin','P','f','L',3),(695,'dibadin_paris','P','f','L',3),(696,'weddingdresses.bride','P','f','L',3),(697,'dokht_ara','P','f','L',3),(698,'mezon.aros.shidrokh','P','f','L',3),(699,'model_lebas_20','P','f','L',3),(700,'mb_bridal','P','f','L',3),(701,'kharid.arosi','P','f','L',3),(702,'cmoda_ir','P','f','L',3),(703,'aroos_ziibaa','P','f','L',3),(704,'mezon_zhanseh_qaz','P','f','L',3),(705,'anashid_mezoon','P','f','L',3),(706,'carino_mk_design','P','f','L',3),(707,'lebas_aroos_flavia','P','f','L',3),(708,'hadis077','P','f','L',3),(709,'_modelelebas','P','f','L',3),(710,'mezonredcarpet','P','f','L',3),(711,'dress.good','P','f','L',3),(712,'lebas_aros_majlesi','P','f','L',3),(713,'rwsmzwnlbs','P','f','L',3),(714,'lebas_aroos_eghbal','P','f','L',3),(715,'parsfashion','P','f','L',3),(716,'mezon_aroose_hasti','P','f','L',3),(717,'bride_flavia','P','f','L',3),(718,'mezon_aroos_flavia','P','f','L',3),(719,'only_aroos','P','f','L',3),(720,'prpl1111','P','f','L',3),(721,'asmodeiran','P','f','L',3),(722,'model.lebas.tala','P','f','L',3),(723,'sonia_meson','P','f','L',3),(724,'lebasarosshik','P','f','L',3),(725,'aroosi.ring','P','f','L',3),(726,'iran_mezon_insta','P','f','L',3),(727,'aroose_ziba_adonis','P','f','L',3),(728,'kharid_arosi2509','P','f','L',3),(729,'annaheriscollection','P','f','L',3),(730,'lebasarus','P','f','L',3),(731,'lebas_aroos_hasti_tehran','P','f','L',3),(732,'kharid_forosh_lebase3','P','f','L',3),(733,'mezonshivana','P','f','L',3),(734,'lebasaroose','P','f','L',3),(735,'model_lebas_aroos','P','f','L',3),(736,'zhavmezon','P','f','L',3),(737,'shikojazab','P','f','L',3),(738,'reyhanehkhanom','P','f','L',3),(739,'mezonzhav','P','f','L',3),(740,'mezone_selena','P','f','L',3),(741,'mana_dettaglio','P','f','L',3),(742,'premoda_mezon','P','f','L',3),(743,'lebas.aroos.asalgiso','P','f','L',3),(744,'aroos_mood','P','f','L',3),(745,'nilooo_65','P','f','L',3),(746,'mozon.lebas.pari','P','f','L',3),(747,'viktorya_marrie','P','f','L',3),(748,'mezonepoolak','P','f','L',3),(749,'lebas_aroos_tehran','P','f','L',3),(750,'kolbe_aarose_aseman','P','f','L',3),(751,'model__aroos','P','f','L',3),(752,'baftani_dokhtarone','P','f','L',3),(753,'kharid.foroshe.lebass2','P','f','L',3),(754,'mezon_lebasaroos_yalda','P','f','L',3),(755,'mezon_kabuk','P','f','L',3),(756,'lebas.majlesi3','P','f','L',3),(757,'sitrabokaei_mezon','P','f','L',3),(758,'kharid_frooshe_khatoon','P','f','L',3),(759,'lebase_majlesi_namzadi1','P','f','L',3),(760,'aroos_ziba_2017_street_style','P','f','L',3),(761,'pinar__moda','P','f','L',3),(762,'lebas_aros_shik_','P','f','L',3),(763,'miis_somaye','P','f','L',3),(764,'hamidrezamazhari3','P','f','L',3),(765,'khanoome.shiik','P','f','L',3),(766,'lebas.shab_banoo','P','f','L',3),(767,'bridalgallery_whitehouse','P','f','L',3),(768,'cinderella_mezon','P','f','L',3),(769,'mezon_aroose_yekrang','P','f','L',3),(770,'weddingdress2005','P','f','L',3),(771,'lebas_aros','P','f','L',3),(772,'lebas_arosshik','P','f','L',3),(773,'aroose_khoshbakht','P','f','L',3),(774,'wedding_dress_clara','P','f','L',3),(775,'ehsasshop','P','f','L',3),(776,'lebas_.aroos','P','f','L',3),(777,'mahya_model','P','f','L',3),(778,'lebas_aroos_melika','P','f','L',3),(779,'lebas.shik.khas','P','f','L',3),(780,'weddingdress2005','P','f','L',3),(781,'maria_bride_urmia','P','f','L',3),(782,'aroseliza','P','f','L',3),(783,'lebas_aros','P','f','L',3),(784,'aroosjoona','P','f','L',3),(785,'lebas_arosshik','P','f','L',3),(786,'aroostajmahal','P','f','L',3),(787,'aroose_khoshbakht','P','f','L',3),(788,'aros__damad','P','f','L',3),(789,'wedding_dress_clara','P','f','L',3),(790,'azar1376','P','f','L',3),(791,'ehsasshop','P','f','L',3),(792,'whitehouse_saadatabad','P','f','L',3),(793,'lebas_.aroos','P','f','L',3),(794,'lebas_aros_rozita','P','f','L',3),(795,'mahya_model','P','f','L',3),(796,'model__manto','P','f','L',3),(797,'lebas_aroos_melika','P','f','L',3),(798,'zhinogallery','P','f','L',3),(799,'lebas.shik.khas','P','f','L',3),(800,'lebas_aroosii','P','f','L',3),(801,'maria_bride_urmia','P','f','L',3),(802,'mezon_aroos_ghazal2','P','f','L',3),(803,'aroseliza','P','f','L',3),(804,'mezon_shahrzad_abadan','P','f','L',3),(805,'aroosjoona','P','f','L',3),(806,'mezon_zhanse_ghazvin','P','f','L',3),(807,'aroostajmahal','P','f','L',3),(808,'dibadin_paris','P','f','L',3),(809,'aros__damad','P','f','L',3),(810,'weddingdresses.bride','P','f','L',3),(811,'azar1376','P','f','L',3),(812,'dokht_ara','P','f','L',3),(813,'whitehouse_saadatabad','P','f','L',3),(814,'mezon.aros.shidrokh','P','f','L',3),(815,'lebas_aros_rozita','P','f','L',3),(816,'model_lebas_20','P','f','L',3),(817,'model__manto','P','f','L',3),(818,'mb_bridal','P','f','L',3),(819,'zhinogallery','P','f','L',3),(820,'kharid.arosi','P','f','L',3),(821,'lebas_aroosii','P','f','L',3),(822,'cmoda_ir','P','f','L',3),(823,'mezon_aroos_ghazal2','P','f','L',3),(824,'aroos_ziibaa','P','f','L',3),(825,'mezon_shahrzad_abadan','P','f','L',3),(826,'mezon_zhanseh_qaz','P','f','L',3),(827,'mezon_zhanse_ghazvin','P','f','L',3),(828,'anashid_mezoon','P','f','L',3),(829,'dibadin_paris','P','f','L',3),(830,'carino_mk_design','P','f','L',3),(831,'weddingdresses.bride','P','f','L',3),(832,'lebas_aroos_flavia','P','f','L',3),(833,'dokht_ara','P','f','L',3),(834,'hadis077','P','f','L',3),(835,'mezon.aros.shidrokh','P','f','L',3),(836,'_modelelebas','P','f','L',3),(837,'mezonredcarpet','P','f','L',3),(838,'model_lebas_20','P','f','L',3),(839,'dress.good','P','f','L',3),(840,'mb_bridal','P','f','L',3),(841,'lebas_aros_majlesi','P','f','L',3),(842,'kharid.arosi','P','f','L',3),(843,'rwsmzwnlbs','P','f','L',3),(844,'cmoda_ir','P','f','L',3),(845,'lebas_aroos_eghbal','P','f','L',3),(846,'parsfashion','P','f','L',3),(847,'aroos_ziibaa','P','f','L',3),(848,'mezon_aroose_hasti','P','f','L',3),(849,'mezon_zhanseh_qaz','P','f','L',3),(850,'bride_flavia','P','f','L',3),(851,'anashid_mezoon','P','f','L',3),(852,'mezon_aroos_flavia','P','f','L',3),(853,'carino_mk_design','P','f','L',3),(854,'only_aroos','P','f','L',3),(855,'lebas_aroos_flavia','P','f','L',3),(856,'prpl1111','P','f','L',3),(857,'hadis077','P','f','L',3),(858,'asmodeiran','P','f','L',3),(859,'_modelelebas','P','f','L',3),(860,'model.lebas.tala','P','f','L',3),(861,'mezonredcarpet','P','f','L',3),(862,'sonia_meson','P','f','L',3),(863,'dress.good','P','f','L',3),(864,'lebasarosshik','P','f','L',3),(865,'lebas_aros_majlesi','P','f','L',3),(866,'aroosi.ring','P','f','L',3),(867,'rwsmzwnlbs','P','f','L',3),(868,'iran_mezon_insta','P','f','L',3),(869,'lebas_aroos_eghbal','P','f','L',3),(870,'aroose_ziba_adonis','P','f','L',3),(871,'parsfashion','P','f','L',3),(872,'kharid_arosi2509','P','f','L',3),(873,'mezon_aroose_hasti','P','f','L',3),(874,'annaheriscollection','P','f','L',3),(875,'bride_flavia','P','f','L',3),(876,'lebasarus','P','f','L',3),(877,'mezon_aroos_flavia','P','f','L',3),(878,'lebas_aroos_hasti_tehran','P','f','L',3),(879,'only_aroos','P','f','L',3),(880,'kharid_forosh_lebase3','P','f','L',3),(881,'prpl1111','P','f','L',3),(882,'mezonshivana','P','f','L',3),(883,'asmodeiran','P','f','L',3),(884,'lebasaroose','P','f','L',3),(885,'model.lebas.tala','P','f','L',3),(886,'model_lebas_aroos','P','f','L',3),(887,'sonia_meson','P','f','L',3),(888,'zhavmezon','P','f','L',3),(889,'lebasarosshik','P','f','L',3),(890,'aroosi.ring','P','f','L',3),(891,'shikojazab','P','f','L',3),(892,'iran_mezon_insta','P','f','L',3),(893,'aroose_ziba_adonis','P','f','L',3),(894,'reyhanehkhanom','P','f','L',3),(895,'kharid_arosi2509','P','f','L',3),(896,'mezonzhav','P','f','L',3),(897,'annaheriscollection','P','f','L',3),(898,'mezone_selena','P','f','L',3),(899,'lebasarus','P','f','L',3),(900,'mana_dettaglio','P','f','L',3),(901,'lebas_aroos_hasti_tehran','P','f','L',3),(902,'premoda_mezon','P','f','L',3),(903,'kharid_forosh_lebase3','P','f','L',3),(904,'lebas.aroos.asalgiso','P','f','L',3),(905,'mezonshivana','P','f','L',3),(906,'aroos_mood','P','f','L',3),(907,'lebasaroose','P','f','L',3),(908,'nilooo_65','P','f','L',3),(909,'model_lebas_aroos','P','f','L',3),(910,'mozon.lebas.pari','P','f','L',3),(911,'zhavmezon','P','f','L',3),(912,'viktorya_marrie','P','f','L',3),(913,'shikojazab','P','f','L',3),(914,'mezonepoolak','P','f','L',3),(915,'reyhanehkhanom','P','f','L',3),(916,'lebas_aroos_tehran','P','f','L',3),(917,'mezonzhav','P','f','L',3),(918,'kolbe_aarose_aseman','P','f','L',3),(919,'mezone_selena','P','f','L',3),(920,'model__aroos','P','f','L',3),(921,'mana_dettaglio','P','f','L',3),(922,'baftani_dokhtarone','P','f','L',3),(923,'premoda_mezon','P','f','L',3),(924,'kharid.foroshe.lebass2','P','f','L',3),(925,'lebas.aroos.asalgiso','P','f','L',3),(926,'mezon_lebasaroos_yalda','P','f','L',3),(927,'aroos_mood','P','f','L',3),(928,'mezon_kabuk','P','f','L',3),(929,'lebas.majlesi3','P','f','L',3),(930,'nilooo_65','P','f','L',3),(931,'sitrabokaei_mezon','P','f','L',3),(932,'mozon.lebas.pari','P','f','L',3),(933,'kharid_frooshe_khatoon','P','f','L',3),(934,'viktorya_marrie','P','f','L',3),(935,'lebase_majlesi_namzadi1','P','f','L',3),(936,'mezonepoolak','P','f','L',3),(937,'aroos_ziba_2017_street_style','P','f','L',3),(938,'lebas_aroos_tehran','P','f','L',3),(939,'pinar__moda','P','f','L',3),(940,'kolbe_aarose_aseman','P','f','L',3),(941,'lebas_aros_shik_','P','f','L',3),(942,'model__aroos','P','f','L',3),(943,'miis_somaye','P','f','L',3),(944,'baftani_dokhtarone','P','f','L',3),(945,'hamidrezamazhari3','P','f','L',3),(946,'kharid.foroshe.lebass2','P','f','L',3),(947,'mezon_lebasaroos_yalda','P','f','L',3),(948,'khanoome.shiik','P','f','L',3),(949,'mezon_kabuk','P','f','L',3),(950,'lebas.shab_banoo','P','f','L',3),(951,'lebas.majlesi3','P','f','L',3),(952,'sitrabokaei_mezon','P','f','L',3),(953,'bridalgallery_whitehouse','P','f','L',3),(954,'kharid_frooshe_khatoon','P','f','L',3),(955,'cinderella_mezon','P','f','L',3),(956,'lebase_majlesi_namzadi1','P','f','L',3),(957,'aroos_ziba_2017_street_style','P','f','L',3),(958,'mezon_aroose_yekrang','P','f','L',3),(959,'pinar__moda','P','f','L',3),(960,'lebas_aros_shik_','P','f','L',3),(961,'miis_somaye','P','f','L',3),(962,'hamidrezamazhari3','P','f','L',3),(963,'khanoome.shiik','P','f','L',3),(964,'lebas.shab_banoo','P','f','L',3),(965,'bridalgallery_whitehouse','P','f','L',3),(966,'cinderella_mezon','P','f','L',3),(967,'mezon_aroose_yekrang','P','f','L',3),(968,'aroosi.ring','P','f','L',3),(969,'halgheset','P','f','L',3),(970,'book9877','P','f','L',3),(971,'yasrebijewelry2','P','f','L',3),(972,'halghe.ring','P','f','L',3),(973,'halghe_ezdevaj.wedding_ring','P','f','L',3),(974,'givi_jewellery','P','f','L',3),(975,'halghe_set__','P','f','L',3),(976,'halghe_ezdevaj_ideal','P','f','L',3),(977,'halgheye_ezdevaj','P','f','L',3),(978,'iraaan.14','P','f','L',3),(979,'shams.service','P','f','L',3),(980,'forooshgahenoghre','P','f','L',3),(981,'halge_set','P','f','L',3),(982,'hlqh8092','P','f','L',3),(983,'vanakgold','P','f','L',3),(984,'halghe.set.ring','P','f','L',3),(985,'shamsjewels','P','f','L',3),(986,'halghe.rayyan','P','f','L',3),(987,'aliasring','P','f','L',3),(988,'halgheset_ideal','P','f','L',3),(989,'shams.jewelry','P','f','L',3),(990,'wedding.ring','P','f','L',3),(991,'shani.jewellery','P','f','L',3),(992,'titan_titan6567','P','f','L',3),(993,'halghe.irr','P','f','L',3),(994,'khabarnegar_halgheh','P','f','L',3),(995,'talebijewelry','P','f','L',3),(996,'zaragold.co','P','f','L',3),(997,'aroos_khanoom_shik','P','f','L',3),(998,'negin.halghe','P','f','L',3),(999,'ghasedak_handcraft','P','f','L',3),(1000,'ghazalehshams777','P','f','L',3),(1001,'gol_dastsaz','P','f','L',3),(1002,'leizlla.nd','P','f','L',3),(1003,'nosratzamani0','P','f','L',3),(1004,'taj_dooris2','P','f','L',3),(1005,'zahzoraj_mah1379','P','f','L',3),(1006,'drmoazenzadeh','P','f','L',3),(1007,'halqevasl','P','f','L',3),(1008,'pelatin.mirzakhani','P','f','L',3),(1009,'taj_flower.roset','P','f','L',3),(1010,'ghodratzamane1368','P','f','L',3),(1011,'halqepeyvand','P','f','L',3),(1012,'halghe_set_shams','P','f','L',3),(1013,'miladjewellery2','P','f','L',3),(1014,'jewellry_torabi','P','f','L',3),(1015,'in_rthex_name_of_gpod1','P','f','L',3),(1016,'q_1111__','P','f','L',3),(1017,'asadolluahi.n','P','f','L',3),(1018,'halghegallery','P','f','L',3),(1019,'mehdi_javaher','P','f','L',3),(1020,'erfan.halgheh','P','f','L',3),(1021,'golesar_raheleh','P','f','L',3),(1022,'erfan_halghe','P','f','L',3),(1023,'ya_zahra_312','P','f','L',3),(1024,'halghesaraye_esm','P','f','L',3),(1025,'erfan_halgheh','P','f','L',3),(1026,'qom.tajsara.22','P','f','L',3),(1027,'sushiantjewelry','P','f','L',3),(1028,'swlf.tfsh','P','f','L',3),(1029,'pariosafairokhnejald','P','f','L',3),(1030,'mihanly_store2','P','f','L',3),(1031,'shanigallery','P','f','L',3),(1032,'namad_gift_aroosak','P','f','L',3),(1033,'shoppingarya','P','f','L',3),(1034,'sanaz0001370','P','f','L',3),(1035,'goldenfelt_kangan','P','f','L',3),(1036,'erfan_keyhani_halqeh','P','f','L',3),(1037,'omid331q1','P','f','L',3),(1038,'taje_sadafy','P','f','L',3),(1039,'roza_tel','P','f','L',3),(1040,'mehdimahmoudidaem','P','f','L',3),(1041,'erfane_halge','P','f','L',3),(1042,'hlqhtl','P','f','L',3),(1043,'hadi_fanss','P','f','L',3),(1044,'gallery_mohamad_reza','P','f','L',3),(1045,'lotrs.iran','P','f','L',3),(1046,'echo_of_friend','P','f','L',3),(1047,'tooti_soorati.pink.parrot.isf','P','f','L',3),(1048,'amir_rzramak6','P','f','L',3),(1049,'hula_hoop_iran','P','f','L',3),(1050,'jewellery.rasouli','P','f','L',3),(1051,'princzelozada_','P','f','L',3),(1052,'retzaei2700','P','f','L',3),(1053,'gift.ninik','P','f','L',3),(1054,'marefate_rahe_kamal','P','f','L',3),(1055,'namadtaha2121','P','f','L',3),(1056,'halge_pelatin_zarkesh','P','f','L',3),(1057,'reqvayat_fjilm','P','f','L',3),(1058,'decor_aros','P','f','L',3),(1059,'bv.alinejqtad.ba','P','f','L',3),(1060,'arbab1978','P','f','L',3),(1061,'miladrezaei_iran','P','f','L',3),(1062,'golden_circlefood','P','f','L',3),(1063,'evangelinelilly_ir','P','f','L',3),(1064,'halghe_aramesh','P','f','L',3),(1065,'erfan_halghe_keyhanibot','P','f','L',3),(1066,'aroosi.ring','P','f','L',3),(1067,'halgheset','P','f','L',3),(1068,'book9877','P','f','L',3),(1069,'yasrebijewelry2','P','f','L',3),(1070,'halghe.ring','P','f','L',3),(1071,'halghe_ezdevaj.wedding_ring','P','f','L',3),(1072,'givi_jewellery','P','f','L',3),(1073,'halghe_set__','P','f','L',3),(1074,'halghe_ezdevaj_ideal','P','f','L',3),(1075,'halgheye_ezdevaj','P','f','L',3),(1076,'iraaan.14','P','f','L',3),(1077,'shams.service','P','f','L',3),(1078,'forooshgahenoghre','P','f','L',3),(1079,'halge_set','P','f','L',3),(1080,'hlqh8092','P','f','L',3),(1081,'vanakgold','P','f','L',3),(1082,'halghe.set.ring','P','f','L',3),(1083,'shamsjewels','P','f','L',3),(1084,'halghe.rayyan','P','f','L',3),(1085,'aliasring','P','f','L',3),(1086,'halgheset_ideal','P','f','L',3),(1087,'shams.jewelry','P','f','L',3),(1088,'wedding.ring','P','f','L',3),(1089,'shani.jewellery','P','f','L',3),(1090,'titan_titan6567','P','f','L',3),(1091,'halghe.irr','P','f','L',3),(1092,'khabarnegar_halgheh','P','f','L',3),(1093,'talebijewelry','P','f','L',3),(1094,'zaragold.co','P','f','L',3),(1095,'aroos_khanoom_shik','P','f','L',3),(1096,'negin.halghe','P','f','L',3),(1097,'ghasedak_handcraft','P','f','L',3),(1098,'ghazalehshams777','P','f','L',3),(1099,'gol_dastsaz','P','f','L',3),(1100,'leizlla.nd','P','f','L',3),(1101,'nosratzamani0','P','f','L',3),(1102,'taj_dooris2','P','f','L',3),(1103,'zahzoraj_mah1379','P','f','L',3),(1104,'drmoazenzadeh','P','f','L',3),(1105,'halqevasl','P','f','L',3),(1106,'pelatin.mirzakhani','P','f','L',3),(1107,'taj_flower.roset','P','f','L',3),(1108,'ghodratzamane1368','P','f','L',3),(1109,'halqepeyvand','P','f','L',3),(1110,'halghe_set_shams','P','f','L',3),(1111,'miladjewellery2','P','f','L',3),(1112,'jewellry_torabi','P','f','L',3),(1113,'in_rthex_name_of_gpod1','P','f','L',3),(1114,'q_1111__','P','f','L',3),(1115,'asadolluahi.n','P','f','L',3),(1116,'halghegallery','P','f','L',3),(1117,'mehdi_javaher','P','f','L',3),(1118,'erfan.halgheh','P','f','L',3),(1119,'golesar_raheleh','P','f','L',3),(1120,'erfan_halghe','P','f','L',3),(1121,'ya_zahra_312','P','f','L',3),(1122,'halghesaraye_esm','P','f','L',3),(1123,'erfan_halgheh','P','f','L',3),(1124,'qom.tajsara.22','P','f','L',3),(1125,'sushiantjewelry','P','f','L',3),(1126,'swlf.tfsh','P','f','L',3),(1127,'pariosafairokhnejald','P','f','L',3),(1128,'mihanly_store2','P','f','L',3),(1129,'shanigallery','P','f','L',3),(1130,'namad_gift_aroosak','P','f','L',3),(1131,'shoppingarya','P','f','L',3),(1132,'sanaz0001370','P','f','L',3),(1133,'goldenfelt_kangan','P','f','L',3),(1134,'erfan_keyhani_halqeh','P','f','L',3),(1135,'omid331q1','P','f','L',3),(1136,'taje_sadafy','P','f','L',3),(1137,'roza_tel','P','f','L',3),(1138,'mehdimahmoudidaem','P','f','L',3),(1139,'erfane_halge','P','f','L',3),(1140,'hlqhtl','P','f','L',3),(1141,'hadi_fanss','P','f','L',3),(1142,'gallery_mohamad_reza','P','f','L',3),(1152,'marefate_rahe_kamal','P','f','L',3),(1164,'silver_market925','P','lf','F',1),(1165,'silver_gallery','P','lf','F',1),(1166,'silver.gallery','P','lf','F',1),(1167,'silver_moda','P','lf','F',1),(1168,'sylwr1708','P','lf','F',1),(1169,'parse_arzan_','P','lf','F',1),(1170,'silver.gallery2','P','lf','F',1),(1171,'mrmrksilver','P','lf','F',1),(1172,'sdr8216','P','lf','F',1),(1173,'shop_sadeghi','P','lf','F',1),(1174,'sa_3819','P','lf','F',1),(1175,'sylwr9253','P','lf','F',1),(1176,'arzankadeh5865','P','lf','F',1),(1177,'sadeghbasiri63','P','lf','F',1),(1178,'silver_shoes_bags','P','lf','F',1),(1179,'silver_cactus__kermanshah','P','lf','F',1),(1180,'silver.shoes28','P','lf','F',1),(1181,'sailor.moon.shop','P','lf','F',1),(1182,'silvia_home.collection','P','lf','F',1),(1183,'italsilver_gallery','P','lf','F',1),(1184,'sylwr1496','P','lf','F',1),(1185,'chinelli_italy','P','lf','F',1),(1186,'takmarket4','P','lf','F',1),(1187,'silver__shoes','P','lf','F',1),(1188,'victoriagallery_tehran','P','lf','F',1),(1189,'sylwr8469','P','lf','F',1),(1190,'silvershose','P','lf','F',1),(1191,'silverahoora','P','lf','F',1),(1192,'rosegol69','P','lf','F',1),(1193,'covermoblsilver','P','lf','F',1),(1194,'silverjamshop','P','lf','F',1),(1195,'babahkni','P','lf','F',1),(1196,'_gallery_silver','P','lf','F',1),(1197,'silver_cactuse','P','lf','F',1),(1198,'malusakkkktanha','P','lf','F',1),(1199,'bahrami7917','P','lf','F',1),(1200,'sylwr2261','P','lf','F',1),(1201,'selver1360','P','lf','F',1),(1202,'sylwr1769','P','lf','F',1),(1203,'sylwr','P','lf','F',1),(1204,'silver_barbershop','P','lf','F',1),(1205,'royale_silver','P','lf','F',1),(1206,'sylwr9868','P','lf','F',1),(1207,'mohsenali1361','P','lf','F',1),(1208,'_silver051_','P','lf','F',1),(1209,'sylwr7335','P','lf','F',1),(1210,'mahdighafooritavana','P','lf','F',1),(1211,'taj.faribayf','P','lf','F',1),(1212,'silver_mezon','P','lf','F',1),(1213,'mahshidzandi','P','lf','F',1),(1214,'imisan1341','P','lf','F',1),(1215,'selvinisfahan','P','lf','F',1),(1216,'silver.iran.khorasan','P','lf','F',1),(1217,'hide_ranje','P','lf','F',1),(1218,'jeyrann54','P','lf','F',1),(1219,'gallerye.sibenoghrei','P','lf','F',1),(1220,'sylwr3973','P','lf','F',1),(1221,'china.stone.doroud','P','lf','F',1),(1222,'yr4543','P','lf','F',1),(1223,'sylwr5837','P','lf','F',1),(1224,'ava4581','P','lf','F',1),(1225,'silveryaragh','P','lf','F',1),(1226,'silver.online','P','lf','F',1),(1227,'silver1watchgallery','P','lf','F',1),(1228,'sylwr4841','P','lf','F',1),(1229,'arshida_ghaleri','P','lf','F',1),(1230,'silverbeautysalon','P','lf','F',1),(1231,'glryst','P','lf','F',1),(1232,'silverslipper_co','P','lf','F',1),(1233,'gift_silverrr','P','lf','F',1),(1234,'siilverdecor','P','lf','F',1),(1235,'silver__design','P','lf','F',1),(1236,'silver.theme','P','lf','F',1),(1237,'sylwr3808','P','lf','F',1),(1238,'sylwrndry','P','lf','F',1),(1241,'ali_zol98','P','lf','F',1),(1242,'mezonsilver','P','lf','F',1),(1243,'sylwr8784','P','lf','F',1),(1244,'silvern_shoes','P','lf','F',1),(1245,'silvern.shoes','P','lf','F',1),(1246,'silversun307','P','lf','F',1),(1247,'sylwr7969','P','lf','F',1);
/*!40000 ALTER TABLE `api_target` ENABLE KEYS */;
UNLOCK TABLES;

--
-- Table structure for table `auth_group`
--

DROP TABLE IF EXISTS `auth_group`;
/*!40101 SET @saved_cs_client     = @@character_set_client */;
/*!40101 SET character_set_client = utf8 */;
CREATE TABLE `auth_group` (
  `id` int(11) NOT NULL AUTO_INCREMENT,
  `name` varchar(80) NOT NULL,
  PRIMARY KEY (`id`),
  UNIQUE KEY `name` (`name`)
) ENGINE=InnoDB DEFAULT CHARSET=utf8;
/*!40101 SET character_set_client = @saved_cs_client */;

--
-- Dumping data for table `auth_group`
--

LOCK TABLES `auth_group` WRITE;
/*!40000 ALTER TABLE `auth_group` DISABLE KEYS */;
/*!40000 ALTER TABLE `auth_group` ENABLE KEYS */;
UNLOCK TABLES;

--
-- Table structure for table `auth_group_permissions`
--

DROP TABLE IF EXISTS `auth_group_permissions`;
/*!40101 SET @saved_cs_client     = @@character_set_client */;
/*!40101 SET character_set_client = utf8 */;
CREATE TABLE `auth_group_permissions` (
  `id` int(11) NOT NULL AUTO_INCREMENT,
  `group_id` int(11) NOT NULL,
  `permission_id` int(11) NOT NULL,
  PRIMARY KEY (`id`),
  UNIQUE KEY `auth_group_permissions_group_id_permission_id_0cd325b0_uniq` (`group_id`,`permission_id`),
  KEY `auth_group_permissio_permission_id_84c5c92e_fk_auth_perm` (`permission_id`),
  CONSTRAINT `auth_group_permissio_permission_id_84c5c92e_fk_auth_perm` FOREIGN KEY (`permission_id`) REFERENCES `auth_permission` (`id`),
  CONSTRAINT `auth_group_permissions_group_id_b120cbf9_fk_auth_group_id` FOREIGN KEY (`group_id`) REFERENCES `auth_group` (`id`)
) ENGINE=InnoDB DEFAULT CHARSET=utf8;
/*!40101 SET character_set_client = @saved_cs_client */;

--
-- Dumping data for table `auth_group_permissions`
--

LOCK TABLES `auth_group_permissions` WRITE;
/*!40000 ALTER TABLE `auth_group_permissions` DISABLE KEYS */;
/*!40000 ALTER TABLE `auth_group_permissions` ENABLE KEYS */;
UNLOCK TABLES;

--
-- Table structure for table `auth_permission`
--

DROP TABLE IF EXISTS `auth_permission`;
/*!40101 SET @saved_cs_client     = @@character_set_client */;
/*!40101 SET character_set_client = utf8 */;
CREATE TABLE `auth_permission` (
  `id` int(11) NOT NULL AUTO_INCREMENT,
  `name` varchar(255) NOT NULL,
  `content_type_id` int(11) NOT NULL,
  `codename` varchar(100) NOT NULL,
  PRIMARY KEY (`id`),
  UNIQUE KEY `auth_permission_content_type_id_codename_01ab375a_uniq` (`content_type_id`,`codename`),
  CONSTRAINT `auth_permission_content_type_id_2f476e4b_fk_django_co` FOREIGN KEY (`content_type_id`) REFERENCES `django_content_type` (`id`)
) ENGINE=InnoDB AUTO_INCREMENT=28 DEFAULT CHARSET=utf8;
/*!40101 SET character_set_client = @saved_cs_client */;

--
-- Dumping data for table `auth_permission`
--

LOCK TABLES `auth_permission` WRITE;
/*!40000 ALTER TABLE `auth_permission` DISABLE KEYS */;
INSERT INTO `auth_permission` VALUES (1,'Can add log entry',1,'add_logentry'),(2,'Can change log entry',1,'change_logentry'),(3,'Can delete log entry',1,'delete_logentry'),(4,'Can add group',2,'add_group'),(5,'Can change group',2,'change_group'),(6,'Can delete group',2,'delete_group'),(7,'Can add permission',3,'add_permission'),(8,'Can change permission',3,'change_permission'),(9,'Can delete permission',3,'delete_permission'),(10,'Can add user',4,'add_user'),(11,'Can change user',4,'change_user'),(12,'Can delete user',4,'delete_user'),(13,'Can add content type',5,'add_contenttype'),(14,'Can change content type',5,'change_contenttype'),(15,'Can delete content type',5,'delete_contenttype'),(16,'Can add session',6,'add_session'),(17,'Can change session',6,'change_session'),(18,'Can delete session',6,'delete_session'),(19,'Can add reset',7,'add_reset'),(20,'Can change reset',7,'change_reset'),(21,'Can delete reset',7,'delete_reset'),(22,'Can add bot',8,'add_bot'),(23,'Can change bot',8,'change_bot'),(24,'Can delete bot',8,'delete_bot'),(25,'Can add target',9,'add_target'),(26,'Can change target',9,'change_target'),(27,'Can delete target',9,'delete_target');
/*!40000 ALTER TABLE `auth_permission` ENABLE KEYS */;
UNLOCK TABLES;

--
-- Table structure for table `auth_user`
--

DROP TABLE IF EXISTS `auth_user`;
/*!40101 SET @saved_cs_client     = @@character_set_client */;
/*!40101 SET character_set_client = utf8 */;
CREATE TABLE `auth_user` (
  `id` int(11) NOT NULL AUTO_INCREMENT,
  `password` varchar(128) NOT NULL,
  `last_login` datetime(6) DEFAULT NULL,
  `is_superuser` tinyint(1) NOT NULL,
  `username` varchar(150) NOT NULL,
  `first_name` varchar(30) NOT NULL,
  `last_name` varchar(150) NOT NULL,
  `email` varchar(254) NOT NULL,
  `is_staff` tinyint(1) NOT NULL,
  `is_active` tinyint(1) NOT NULL,
  `date_joined` datetime(6) NOT NULL,
  PRIMARY KEY (`id`),
  UNIQUE KEY `username` (`username`)
) ENGINE=InnoDB AUTO_INCREMENT=2 DEFAULT CHARSET=utf8;
/*!40101 SET character_set_client = @saved_cs_client */;

--
-- Dumping data for table `auth_user`
--

LOCK TABLES `auth_user` WRITE;
/*!40000 ALTER TABLE `auth_user` DISABLE KEYS */;
INSERT INTO `auth_user` VALUES (1,'pbkdf2_sha256$100000$L8FcbP7L3GI6$TDQ/vG5BTqhLuiidUcSWd8LnTugJRJYLqiFA2j+S56c=','2018-03-12 11:06:35.231824',1,'root','','','',1,1,'2018-03-12 10:29:46.692429');
/*!40000 ALTER TABLE `auth_user` ENABLE KEYS */;
UNLOCK TABLES;

--
-- Table structure for table `auth_user_groups`
--

DROP TABLE IF EXISTS `auth_user_groups`;
/*!40101 SET @saved_cs_client     = @@character_set_client */;
/*!40101 SET character_set_client = utf8 */;
CREATE TABLE `auth_user_groups` (
  `id` int(11) NOT NULL AUTO_INCREMENT,
  `user_id` int(11) NOT NULL,
  `group_id` int(11) NOT NULL,
  PRIMARY KEY (`id`),
  UNIQUE KEY `auth_user_groups_user_id_group_id_94350c0c_uniq` (`user_id`,`group_id`),
  KEY `auth_user_groups_group_id_97559544_fk_auth_group_id` (`group_id`),
  CONSTRAINT `auth_user_groups_group_id_97559544_fk_auth_group_id` FOREIGN KEY (`group_id`) REFERENCES `auth_group` (`id`),
  CONSTRAINT `auth_user_groups_user_id_6a12ed8b_fk_auth_user_id` FOREIGN KEY (`user_id`) REFERENCES `auth_user` (`id`)
) ENGINE=InnoDB DEFAULT CHARSET=utf8;
/*!40101 SET character_set_client = @saved_cs_client */;

--
-- Dumping data for table `auth_user_groups`
--

LOCK TABLES `auth_user_groups` WRITE;
/*!40000 ALTER TABLE `auth_user_groups` DISABLE KEYS */;
/*!40000 ALTER TABLE `auth_user_groups` ENABLE KEYS */;
UNLOCK TABLES;

--
-- Table structure for table `auth_user_user_permissions`
--

DROP TABLE IF EXISTS `auth_user_user_permissions`;
/*!40101 SET @saved_cs_client     = @@character_set_client */;
/*!40101 SET character_set_client = utf8 */;
CREATE TABLE `auth_user_user_permissions` (
  `id` int(11) NOT NULL AUTO_INCREMENT,
  `user_id` int(11) NOT NULL,
  `permission_id` int(11) NOT NULL,
  PRIMARY KEY (`id`),
  UNIQUE KEY `auth_user_user_permissions_user_id_permission_id_14a6b632_uniq` (`user_id`,`permission_id`),
  KEY `auth_user_user_permi_permission_id_1fbb5f2c_fk_auth_perm` (`permission_id`),
  CONSTRAINT `auth_user_user_permi_permission_id_1fbb5f2c_fk_auth_perm` FOREIGN KEY (`permission_id`) REFERENCES `auth_permission` (`id`),
  CONSTRAINT `auth_user_user_permissions_user_id_a95ead1b_fk_auth_user_id` FOREIGN KEY (`user_id`) REFERENCES `auth_user` (`id`)
) ENGINE=InnoDB DEFAULT CHARSET=utf8;
/*!40101 SET character_set_client = @saved_cs_client */;

--
-- Dumping data for table `auth_user_user_permissions`
--

LOCK TABLES `auth_user_user_permissions` WRITE;
/*!40000 ALTER TABLE `auth_user_user_permissions` DISABLE KEYS */;
/*!40000 ALTER TABLE `auth_user_user_permissions` ENABLE KEYS */;
UNLOCK TABLES;

--
-- Table structure for table `django_admin_log`
--

DROP TABLE IF EXISTS `django_admin_log`;
/*!40101 SET @saved_cs_client     = @@character_set_client */;
/*!40101 SET character_set_client = utf8 */;
CREATE TABLE `django_admin_log` (
  `id` int(11) NOT NULL AUTO_INCREMENT,
  `action_time` datetime(6) NOT NULL,
  `object_id` longtext,
  `object_repr` varchar(200) NOT NULL,
  `action_flag` smallint(5) unsigned NOT NULL,
  `change_message` longtext NOT NULL,
  `content_type_id` int(11) DEFAULT NULL,
  `user_id` int(11) NOT NULL,
  PRIMARY KEY (`id`),
  KEY `django_admin_log_content_type_id_c4bce8eb_fk_django_co` (`content_type_id`),
  KEY `django_admin_log_user_id_c564eba6_fk` (`user_id`),
  CONSTRAINT `django_admin_log_content_type_id_c4bce8eb_fk_django_co` FOREIGN KEY (`content_type_id`) REFERENCES `django_content_type` (`id`),
  CONSTRAINT `django_admin_log_user_id_c564eba6_fk` FOREIGN KEY (`user_id`) REFERENCES `auth_user` (`id`)
) ENGINE=InnoDB AUTO_INCREMENT=64 DEFAULT CHARSET=utf8;
/*!40101 SET character_set_client = @saved_cs_client */;

--
-- Dumping data for table `django_admin_log`
--

LOCK TABLES `django_admin_log` WRITE;
/*!40000 ALTER TABLE `django_admin_log` DISABLE KEYS */;
INSERT INTO `django_admin_log` VALUES (1,'2018-03-12 10:33:43.786212','1','Bot object (1)',1,'[{\"added\": {}}]',8,1),(2,'2018-03-12 13:42:47.975826','3','Bot object (3)',2,'[{\"changed\": {\"fields\": [\"comments\", \"state\"]}}]',8,1),(3,'2018-03-12 13:44:13.487610','1','Bot object (1)',2,'[{\"changed\": {\"fields\": [\"state\"]}}]',8,1),(4,'2018-03-12 13:44:20.069585','2','Bot object (2)',2,'[{\"changed\": {\"fields\": [\"state\"]}}]',8,1),(5,'2018-03-12 14:25:38.410678','3','Bot object (3)',2,'[{\"changed\": {\"fields\": [\"state\"]}}]',8,1),(6,'2018-03-12 14:25:47.079767','2','Bot object (2)',2,'[{\"changed\": {\"fields\": [\"state\"]}}]',8,1),(7,'2018-03-12 14:25:54.471443','1','Bot object (1)',2,'[{\"changed\": {\"fields\": [\"state\"]}}]',8,1),(8,'2018-03-12 14:43:35.039074','1','Bot object (1)',2,'[{\"changed\": {\"fields\": [\"state\"]}}]',8,1),(9,'2018-03-12 14:43:40.606363','2','Bot object (2)',2,'[{\"changed\": {\"fields\": [\"state\"]}}]',8,1),(10,'2018-03-12 14:43:46.934820','3','Bot object (3)',2,'[{\"changed\": {\"fields\": [\"state\"]}}]',8,1),(11,'2018-03-12 15:26:16.348246','1','Bot object (1)',2,'[{\"changed\": {\"fields\": [\"state\"]}}]',8,1),(12,'2018-03-12 15:26:23.860902','2','Bot object (2)',2,'[{\"changed\": {\"fields\": [\"state\"]}}]',8,1),(13,'2018-03-12 15:26:27.002482','3','Bot object (3)',2,'[{\"changed\": {\"fields\": [\"state\"]}}]',8,1),(14,'2018-03-12 15:31:53.382204','1','Bot object (1)',2,'[{\"changed\": {\"fields\": [\"state\"]}}]',8,1),(15,'2018-03-12 15:31:59.249025','2','Bot object (2)',2,'[{\"changed\": {\"fields\": [\"state\"]}}]',8,1),(16,'2018-03-12 15:32:04.545967','3','Bot object (3)',2,'[{\"changed\": {\"fields\": [\"state\"]}}]',8,1),(17,'2018-03-12 15:33:04.940068','1','Bot object (1)',2,'[{\"changed\": {\"fields\": [\"state\"]}}]',8,1),(18,'2018-03-12 15:33:11.892152','3','Bot object (3)',2,'[{\"changed\": {\"fields\": [\"state\"]}}]',8,1),(19,'2018-03-12 15:33:30.170738','2','Bot object (2)',2,'[{\"changed\": {\"fields\": [\"state\"]}}]',8,1),(20,'2018-03-12 19:58:34.338695','1','Bot object (1)',2,'[{\"changed\": {\"fields\": [\"state\"]}}]',8,1),(21,'2018-03-12 19:58:40.469064','2','Bot object (2)',2,'[{\"changed\": {\"fields\": [\"second_username\", \"second_password\", \"state\"]}}]',8,1),(22,'2018-03-12 19:58:45.184423','3','Bot object (3)',2,'[{\"changed\": {\"fields\": [\"second_username\", \"second_password\", \"state\"]}}]',8,1),(23,'2018-03-12 20:01:01.535904','3','Bot object (3)',2,'[{\"changed\": {\"fields\": [\"state\"]}}]',8,1),(24,'2018-03-12 20:01:06.472129','2','Bot object (2)',2,'[{\"changed\": {\"fields\": [\"state\"]}}]',8,1),(25,'2018-03-12 20:01:11.232662','1','Bot object (1)',2,'[{\"changed\": {\"fields\": [\"state\"]}}]',8,1),(26,'2018-03-12 20:03:17.482756','3','Bot object (3)',2,'[{\"changed\": {\"fields\": [\"state\"]}}]',8,1),(27,'2018-03-12 20:03:22.181387','2','Bot object (2)',2,'[{\"changed\": {\"fields\": [\"state\"]}}]',8,1),(28,'2018-03-12 20:03:25.981061','1','Bot object (1)',2,'[{\"changed\": {\"fields\": [\"state\"]}}]',8,1),(29,'2018-03-14 06:18:54.568081','3','Bot object (3)',2,'[{\"changed\": {\"fields\": [\"state\"]}}]',8,1),(30,'2018-03-14 06:19:00.302242','2','Bot object (2)',2,'[{\"changed\": {\"fields\": [\"state\"]}}]',8,1),(31,'2018-03-14 06:19:22.149025','2','Bot object (2)',2,'[{\"changed\": {\"fields\": [\"second_username\", \"second_password\"]}}]',8,1),(32,'2018-03-14 06:19:28.235053','3','Bot object (3)',2,'[{\"changed\": {\"fields\": [\"second_username\", \"second_password\"]}}]',8,1),(33,'2018-03-14 06:28:34.587435','3','Bot object (3)',2,'[{\"changed\": {\"fields\": [\"state\"]}}]',8,1),(34,'2018-03-14 06:28:39.669536','2','Bot object (2)',2,'[{\"changed\": {\"fields\": [\"state\"]}}]',8,1),(35,'2018-03-14 06:28:44.656911','1','Bot object (1)',2,'[{\"changed\": {\"fields\": [\"state\"]}}]',8,1),(36,'2018-03-14 06:30:37.898258','3','Bot object (3)',2,'[{\"changed\": {\"fields\": [\"state\"]}}]',8,1),(37,'2018-03-14 06:30:43.460139','2','Bot object (2)',2,'[{\"changed\": {\"fields\": [\"state\"]}}]',8,1),(38,'2018-03-14 06:30:48.072008','1','Bot object (1)',2,'[{\"changed\": {\"fields\": [\"state\"]}}]',8,1),(39,'2018-03-14 06:48:18.646472','1','Bot object (1)',2,'[{\"changed\": {\"fields\": [\"state\"]}}]',8,1),(40,'2018-03-14 06:48:23.292267','3','Bot object (3)',2,'[{\"changed\": {\"fields\": [\"state\"]}}]',8,1),(41,'2018-03-14 06:48:27.412338','2','Bot object (2)',2,'[{\"changed\": {\"fields\": [\"state\"]}}]',8,1),(42,'2018-03-14 07:09:59.201418','3','Bot object (3)',2,'[{\"changed\": {\"fields\": [\"state\"]}}]',8,1),(43,'2018-03-14 07:10:03.334932','2','Bot object (2)',2,'[{\"changed\": {\"fields\": [\"state\"]}}]',8,1),(44,'2018-03-14 07:10:08.708028','1','Bot object (1)',2,'[{\"changed\": {\"fields\": [\"state\"]}}]',8,1),(45,'2018-03-14 07:11:22.806571','2','Bot object (2)',2,'[{\"changed\": {\"fields\": [\"state\"]}}]',8,1),(46,'2018-03-14 07:11:28.111324','3','Bot object (3)',2,'[{\"changed\": {\"fields\": [\"state\"]}}]',8,1),(47,'2018-03-14 07:11:33.967369','1','Bot object (1)',2,'[{\"changed\": {\"fields\": [\"state\"]}}]',8,1),(48,'2018-03-14 07:39:23.386751','3','Bot object (3)',2,'[{\"changed\": {\"fields\": [\"state\"]}}]',8,1),(49,'2018-03-14 07:39:27.608716','1','Bot object (1)',2,'[{\"changed\": {\"fields\": [\"state\"]}}]',8,1),(50,'2018-03-14 07:45:42.317940','3','Bot object (3)',2,'[{\"changed\": {\"fields\": [\"state\"]}}]',8,1),(51,'2018-03-14 07:45:44.373753','3','Bot object (3)',2,'[]',8,1),(52,'2018-03-14 07:45:49.098034','1','Bot object (1)',2,'[{\"changed\": {\"fields\": [\"state\"]}}]',8,1),(53,'2018-03-14 07:48:40.961170','3','Bot object (3)',2,'[{\"changed\": {\"fields\": [\"state\"]}}]',8,1),(54,'2018-03-14 07:49:45.387340','2','Bot object (2)',2,'[{\"changed\": {\"fields\": [\"state\"]}}]',8,1),(55,'2018-03-14 07:50:01.815189','3','Bot object (3)',2,'[]',8,1),(56,'2018-03-14 07:52:09.160935','1','Bot object (1)',2,'[{\"changed\": {\"fields\": [\"state\"]}}]',8,1),(57,'2018-03-14 07:53:12.498117','1','Bot object (1)',2,'[{\"changed\": {\"fields\": [\"state\"]}}]',8,1),(58,'2018-03-14 07:54:50.136683','1','Bot object (1)',2,'[{\"changed\": {\"fields\": [\"state\"]}}]',8,1),(59,'2018-03-14 11:38:41.093638','1','Bot object (1)',2,'[{\"changed\": {\"fields\": [\"state\"]}}]',8,1),(60,'2018-03-14 11:41:34.780932','1','Bot object (1)',2,'[{\"changed\": {\"fields\": [\"state\"]}}]',8,1),(61,'2018-03-14 11:46:41.364400','1','Bot object (1)',2,'[]',8,1),(62,'2018-03-14 14:25:37.103642','1','Bot object (1)',2,'[{\"changed\": {\"fields\": [\"state\"]}}]',8,1),(63,'2018-03-14 14:28:13.095776','1','Bot object (1)',2,'[{\"changed\": {\"fields\": [\"state\"]}}]',8,1);
/*!40000 ALTER TABLE `django_admin_log` ENABLE KEYS */;
UNLOCK TABLES;

--
-- Table structure for table `django_content_type`
--

DROP TABLE IF EXISTS `django_content_type`;
/*!40101 SET @saved_cs_client     = @@character_set_client */;
/*!40101 SET character_set_client = utf8 */;
CREATE TABLE `django_content_type` (
  `id` int(11) NOT NULL AUTO_INCREMENT,
  `app_label` varchar(100) NOT NULL,
  `model` varchar(100) NOT NULL,
  PRIMARY KEY (`id`),
  UNIQUE KEY `django_content_type_app_label_model_76bd3d3b_uniq` (`app_label`,`model`)
) ENGINE=InnoDB AUTO_INCREMENT=10 DEFAULT CHARSET=utf8;
/*!40101 SET character_set_client = @saved_cs_client */;

--
-- Dumping data for table `django_content_type`
--

LOCK TABLES `django_content_type` WRITE;
/*!40000 ALTER TABLE `django_content_type` DISABLE KEYS */;
INSERT INTO `django_content_type` VALUES (1,'admin','logentry'),(8,'api','bot'),(7,'api','reset'),(9,'api','target'),(2,'auth','group'),(3,'auth','permission'),(4,'auth','user'),(5,'contenttypes','contenttype'),(6,'sessions','session');
/*!40000 ALTER TABLE `django_content_type` ENABLE KEYS */;
UNLOCK TABLES;

--
-- Table structure for table `django_migrations`
--

DROP TABLE IF EXISTS `django_migrations`;
/*!40101 SET @saved_cs_client     = @@character_set_client */;
/*!40101 SET character_set_client = utf8 */;
CREATE TABLE `django_migrations` (
  `id` int(11) NOT NULL AUTO_INCREMENT,
  `app` varchar(255) NOT NULL,
  `name` varchar(255) NOT NULL,
  `applied` datetime(6) NOT NULL,
  PRIMARY KEY (`id`)
) ENGINE=InnoDB AUTO_INCREMENT=27 DEFAULT CHARSET=utf8;
/*!40101 SET character_set_client = @saved_cs_client */;

--
-- Dumping data for table `django_migrations`
--

LOCK TABLES `django_migrations` WRITE;
/*!40000 ALTER TABLE `django_migrations` DISABLE KEYS */;
INSERT INTO `django_migrations` VALUES (1,'contenttypes','0001_initial','2018-03-12 10:27:05.594986'),(2,'auth','0001_initial','2018-03-12 10:27:06.514706'),(3,'admin','0001_initial','2018-03-12 10:27:06.723369'),(4,'admin','0002_logentry_remove_auto_add','2018-03-12 10:27:06.736355'),(5,'api','0001_initial','2018-03-12 10:27:06.776690'),(6,'api','0002_auto_20180216_1743','2018-03-12 10:27:06.910683'),(7,'api','0003_reset','2018-03-12 10:27:06.931222'),(8,'api','0004_auto_20180301_0105','2018-03-12 10:27:07.019936'),(9,'api','0005_auto_20180309_2235','2018-03-12 10:27:07.245050'),(10,'api','0006_auto_20180309_2243','2018-03-12 10:27:07.695386'),(11,'api','0007_auto_20180310_0628','2018-03-12 10:27:07.746871'),(12,'api','0008_auto_20180310_0629','2018-03-12 10:27:07.756510'),(13,'api','0009_auto_20180310_0632','2018-03-12 10:27:07.829994'),(14,'api','0010_bot_state','2018-03-12 10:27:07.895465'),(15,'api','0011_auto_20180311_2127','2018-03-12 10:27:09.315405'),(16,'api','0012_auto_20180311_2129','2018-03-12 10:27:09.327923'),(17,'contenttypes','0002_remove_content_type_name','2018-03-12 10:27:09.420540'),(18,'auth','0002_alter_permission_name_max_length','2018-03-12 10:27:09.454715'),(19,'auth','0003_alter_user_email_max_length','2018-03-12 10:27:09.523063'),(20,'auth','0004_alter_user_username_opts','2018-03-12 10:27:09.534566'),(21,'auth','0005_alter_user_last_login_null','2018-03-12 10:27:09.622342'),(22,'auth','0006_require_contenttypes_0002','2018-03-12 10:27:09.627880'),(23,'auth','0007_alter_validators_add_error_messages','2018-03-12 10:27:09.643574'),(24,'auth','0008_alter_user_username_max_length','2018-03-12 10:27:10.650340'),(25,'auth','0009_alter_user_last_name_max_length','2018-03-12 10:27:10.833900'),(26,'sessions','0001_initial','2018-03-12 10:27:10.987513');
/*!40000 ALTER TABLE `django_migrations` ENABLE KEYS */;
UNLOCK TABLES;

--
-- Table structure for table `django_session`
--

DROP TABLE IF EXISTS `django_session`;
/*!40101 SET @saved_cs_client     = @@character_set_client */;
/*!40101 SET character_set_client = utf8 */;
CREATE TABLE `django_session` (
  `session_key` varchar(40) NOT NULL,
  `session_data` longtext NOT NULL,
  `expire_date` datetime(6) NOT NULL,
  PRIMARY KEY (`session_key`),
  KEY `django_session_expire_date_a5c62663` (`expire_date`)
) ENGINE=InnoDB DEFAULT CHARSET=utf8;
/*!40101 SET character_set_client = @saved_cs_client */;

--
-- Dumping data for table `django_session`
--

LOCK TABLES `django_session` WRITE;
/*!40000 ALTER TABLE `django_session` DISABLE KEYS */;
INSERT INTO `django_session` VALUES ('1x1ltexqu8m5au9r16efouwpy9zpndzf','ZWMxMjhiMThiYTQ4OTQxNWQ5MmRkMDJmNDY0MDJjMjUzNjIyNmU3MTp7fQ==','2018-03-26 10:52:27.636176'),('4nvve4gdqmqym7yfduwrwfzmg30zlqd3','ZjQ2ZTI0Mjg3YWY1YTNlMDA4NTk2NGY0OTVmYWY2ZTM4NjQ5M2JlYzp7Il9hdXRoX3VzZXJfYmFja2VuZCI6ImRqYW5nby5jb250cmliLmF1dGguYmFja2VuZHMuTW9kZWxCYWNrZW5kIiwiX2F1dGhfdXNlcl9pZCI6IjEiLCJfYXV0aF91c2VyX2hhc2giOiI3YTBlMzVkZjhhMmMzZTliZDIxMTExNDZmNjBlMTUxYWY5ZDA1NDkxIn0=','2018-03-26 11:05:07.420059'),('55fckf9h2plucxan2ly7ivtms5bqv307','ZDljNjE5MDAwZDYzZTJiZjc0ZTEzMjViZDAzZDkwMTQ1NGM2MjRiYzp7Il9hdXRoX3VzZXJfaGFzaCI6IjdhMGUzNWRmOGEyYzNlOWJkMjExMTE0NmY2MGUxNTFhZjlkMDU0OTEiLCJfYXV0aF91c2VyX2JhY2tlbmQiOiJkamFuZ28uY29udHJpYi5hdXRoLmJhY2tlbmRzLk1vZGVsQmFja2VuZCIsIl9hdXRoX3VzZXJfaWQiOiIxIn0=','2018-03-26 10:30:16.878359'),('58u7juqcj87r6cybkov3uti2xtiz15gp','ZWMxMjhiMThiYTQ4OTQxNWQ5MmRkMDJmNDY0MDJjMjUzNjIyNmU3MTp7fQ==','2018-03-26 11:02:06.050027'),('6f684bqotodeytjlwkrlypfrdu45pws6','ZjQ2ZTI0Mjg3YWY1YTNlMDA4NTk2NGY0OTVmYWY2ZTM4NjQ5M2JlYzp7Il9hdXRoX3VzZXJfYmFja2VuZCI6ImRqYW5nby5jb250cmliLmF1dGguYmFja2VuZHMuTW9kZWxCYWNrZW5kIiwiX2F1dGhfdXNlcl9pZCI6IjEiLCJfYXV0aF91c2VyX2hhc2giOiI3YTBlMzVkZjhhMmMzZTliZDIxMTExNDZmNjBlMTUxYWY5ZDA1NDkxIn0=','2018-03-26 11:05:05.889128'),('6gnp6no6w6igdmjnj796iw3j1hshpi0s','ZWMxMjhiMThiYTQ4OTQxNWQ5MmRkMDJmNDY0MDJjMjUzNjIyNmU3MTp7fQ==','2018-03-26 10:49:43.246080'),('80eb4iwjdrictm31tfraqgfqv95u2jmj','ZjQ2ZTI0Mjg3YWY1YTNlMDA4NTk2NGY0OTVmYWY2ZTM4NjQ5M2JlYzp7Il9hdXRoX3VzZXJfYmFja2VuZCI6ImRqYW5nby5jb250cmliLmF1dGguYmFja2VuZHMuTW9kZWxCYWNrZW5kIiwiX2F1dGhfdXNlcl9pZCI6IjEiLCJfYXV0aF91c2VyX2hhc2giOiI3YTBlMzVkZjhhMmMzZTliZDIxMTExNDZmNjBlMTUxYWY5ZDA1NDkxIn0=','2018-03-26 11:06:35.353277'),('8mgo8iqqvk4ha9uv440lz38ockz9kegd','ZWMxMjhiMThiYTQ4OTQxNWQ5MmRkMDJmNDY0MDJjMjUzNjIyNmU3MTp7fQ==','2018-03-26 10:52:09.734283'),('8rm50b7obq3r6797eicz1spodqhj3dq1','ZWMxMjhiMThiYTQ4OTQxNWQ5MmRkMDJmNDY0MDJjMjUzNjIyNmU3MTp7fQ==','2018-03-26 10:49:23.224511'),('axs4qkkfjmzvbd4phh55aq2k5ftbidb7','ZWMxMjhiMThiYTQ4OTQxNWQ5MmRkMDJmNDY0MDJjMjUzNjIyNmU3MTp7fQ==','2018-03-26 10:58:18.684946'),('cfnttuotrz77ltscwopazgxp8brpk2ur','ZWMxMjhiMThiYTQ4OTQxNWQ5MmRkMDJmNDY0MDJjMjUzNjIyNmU3MTp7fQ==','2018-03-26 10:53:04.006907'),('fm67jpa3ksfql8sq18zr48y6ai7jqkem','ZWMxMjhiMThiYTQ4OTQxNWQ5MmRkMDJmNDY0MDJjMjUzNjIyNmU3MTp7fQ==','2018-03-26 10:53:01.989864'),('gu2t5ilht4b9cmg1rx8wyufu0qv079p5','ZWMxMjhiMThiYTQ4OTQxNWQ5MmRkMDJmNDY0MDJjMjUzNjIyNmU3MTp7fQ==','2018-03-26 10:48:58.603086'),('hprcp2i3pp84r18dz4k8eddat4spv5ot','ZWMxMjhiMThiYTQ4OTQxNWQ5MmRkMDJmNDY0MDJjMjUzNjIyNmU3MTp7fQ==','2018-03-26 10:51:51.082603'),('kbwa441sek27t42flfsvqnotex6ig3i0','ZWMxMjhiMThiYTQ4OTQxNWQ5MmRkMDJmNDY0MDJjMjUzNjIyNmU3MTp7fQ==','2018-03-26 10:47:32.968883'),('lxe2uctwuav69cyx3kgjzypcjuvddpti','ZWMxMjhiMThiYTQ4OTQxNWQ5MmRkMDJmNDY0MDJjMjUzNjIyNmU3MTp7fQ==','2018-03-26 10:55:37.792642'),('mu192edmdy9iw6lmy66r7sigdwzlyatr','ZWMxMjhiMThiYTQ4OTQxNWQ5MmRkMDJmNDY0MDJjMjUzNjIyNmU3MTp7fQ==','2018-03-26 10:55:41.991075'),('nmsmlh8vyavq1nuzusmkpqbua2zhojqz','ZWMxMjhiMThiYTQ4OTQxNWQ5MmRkMDJmNDY0MDJjMjUzNjIyNmU3MTp7fQ==','2018-03-26 10:49:01.933537'),('o2l5qbjiwjpe3vud6c3orrnblwaumyr2','ZWMxMjhiMThiYTQ4OTQxNWQ5MmRkMDJmNDY0MDJjMjUzNjIyNmU3MTp7fQ==','2018-03-26 10:47:24.324974'),('odu8orlw3y4ri31beypir3yu082ake3b','ZWMxMjhiMThiYTQ4OTQxNWQ5MmRkMDJmNDY0MDJjMjUzNjIyNmU3MTp7fQ==','2018-03-26 10:50:45.093848'),('oe2uoi4b75seo00z5w10m2dm5ir1u6yl','ZWMxMjhiMThiYTQ4OTQxNWQ5MmRkMDJmNDY0MDJjMjUzNjIyNmU3MTp7fQ==','2018-03-26 11:02:53.589523'),('sdqi3befpw1hwnapcvkqev4ptv7tmvdz','ZWMxMjhiMThiYTQ4OTQxNWQ5MmRkMDJmNDY0MDJjMjUzNjIyNmU3MTp7fQ==','2018-03-26 10:48:05.935533'),('t5cmzqdpo5pwvxpfgqfpubcf44m64bio','ZWMxMjhiMThiYTQ4OTQxNWQ5MmRkMDJmNDY0MDJjMjUzNjIyNmU3MTp7fQ==','2018-03-26 10:58:22.141740'),('x476l0nxz1lacyzl3xhxq2fkbzhl1r9c','ZWMxMjhiMThiYTQ4OTQxNWQ5MmRkMDJmNDY0MDJjMjUzNjIyNmU3MTp7fQ==','2018-03-26 10:52:30.561766'),('x9csgmo5dyw77jbj4t8gdg4tv3ck25kj','ZWMxMjhiMThiYTQ4OTQxNWQ5MmRkMDJmNDY0MDJjMjUzNjIyNmU3MTp7fQ==','2018-03-26 11:02:01.410664');
/*!40000 ALTER TABLE `django_session` ENABLE KEYS */;
UNLOCK TABLES;
/*!40103 SET TIME_ZONE=@OLD_TIME_ZONE */;

/*!40101 SET SQL_MODE=@OLD_SQL_MODE */;
/*!40014 SET FOREIGN_KEY_CHECKS=@OLD_FOREIGN_KEY_CHECKS */;
/*!40014 SET UNIQUE_CHECKS=@OLD_UNIQUE_CHECKS */;
/*!40101 SET CHARACTER_SET_CLIENT=@OLD_CHARACTER_SET_CLIENT */;
/*!40101 SET CHARACTER_SET_RESULTS=@OLD_CHARACTER_SET_RESULTS */;
/*!40101 SET COLLATION_CONNECTION=@OLD_COLLATION_CONNECTION */;
/*!40111 SET SQL_NOTES=@OLD_SQL_NOTES */;

-- Dump completed on 2018-03-14 15:53:16
